Workbook

Sheet Produksi
B2: PIT CONTROL | D2: Mine Ops Board / Produksi Plan vs Actual
B3: MINE OPS BOARD | D3: Produksi Plan vs Actual
D4: Overburden & coal getting dari ritase hauler · data dummy (simulasi) untuk portofolio
B5: BOARD
B6: =HYPERLINK("#Produksi!A1"," Produksi") | E6: Dari | F6: 46082 | H6: Sampai | I6: 46110 | K6: Shift | L6: Semua
B7: =HYPERLINK("#Digger!A1"," Produktivitas Digger") | D7: =IF(Kalkulasi!$B$9=0,"⚠ Tanggal akhir harus sama atau setelah tanggal mulai","Klik sel kuning untuk memilih filter · "&Kalkulasi!$B$9&" hari dipilih")
B8: =HYPERLINK("#Availability!A1"," Availability Unit")
B9: =HYPERLINK("#'Delay & Hujan'!A1"," Delay & Hujan") | D9: OB ACTUAL | G9: ACHIEVEMENT OB | J9: COAL ACTUAL | M9: ACHIEVEMENT COAL | P9: STRIPPING RATIO | S9: RITASE HAULER
B10: =HYPERLINK("#Fuel!A1"," Fuel") | D10: =Kalkulasi!$B$38 | G10: =Kalkulasi!$B$39 | J10: =Kalkulasi!$B$41 | M10: =Kalkulasi!$B$42 | P10: =Kalkulasi!$B$43 | S10: =Kalkulasi!$B$45+Kalkulasi!$B$46
B11: =HYPERLINK("#'Tren PTY'!A1"," Tren PTY") | D11: ="Plan "&TEXT(Kalkulasi!$B$37,"#,##0")&" BCM" | G11: =IF(Kalkulasi!$B$39>=1," ▲ Di atas plan"," Gap "&TEXT(Kalkulasi!$B$37-Kalkulasi!$B$38,"#,##0")&" BCM") | J11: ="Plan "&TEXT(Kalkulasi!$B$40,"#,##0")&" MT" | M11: =IF(Kalkulasi!$B$42>=1," ▲ Di atas plan"," Gap "&TEXT(Kalkulasi!$B$40-Kalkulasi!$B$41,"#,##0")&" MT") | P11: ="Plan "&TEXT(Kalkulasi!$B$44,"0.00")&" BCM/MT" | S11: ="OB "&TEXT(Kalkulasi!$B$45,"#,##0")&" · coal "&TEXT(Kalkulasi!$B$46,"#,##0")
B13: PER JAM | D13: Overburden: actual vs plan | O13: BCM · garis hijau = achievement kumulatif (%) | P13: Kontribusi OB per digger | U13: BCM
B14: =HYPERLINK("#'PTY per Jam'!A1"," PTY per Jam")
B15: =HYPERLINK("#'Fleet & Delay'!A1"," Fleet & Delay")
B16: =HYPERLINK("#'Daily Report'!A1"," Daily Report")
B17: =HYPERLINK("#INPUT_RITASE!A1"," Input ritase ↗")
B18: =HYPERLINK("#INPUT_DELAY!A1"," Input delay ↗")
B20: DATA
B21: =HYPERLINK("#'Master Data'!A1"," Master Data")
B22: =HYPERLINK("#DATA_TS!A1"," Tabel timesheet ↗")
B23: =HYPERLINK("#DATA_FUEL!A1"," Tabel fuel ↗")
P24: ="Total "&TEXT(SUM(Kalkulasi!$B$240:$B$245),"#,##0")&" BCM"
B25: LAINNYA | P25: ■ | Q25: =Kalkulasi!A240 | T25: =Kalkulasi!C240
B26: =HYPERLINK("#Panduan!A1"," Panduan") | P26: ■ | Q26: =Kalkulasi!A241 | T26: =Kalkulasi!C241
B27: =HYPERLINK("#Parameter!A1"," Target & parameter") | P27: ■ | Q27: =Kalkulasi!A242 | T27: =Kalkulasi!C242
B28: =HYPERLINK("#MASTER_JAM!A1"," Faktor, target & MF") | P28: ■ | Q28: =Kalkulasi!A243 | T28: =Kalkulasi!C243
P29: ■ | Q29: =Kalkulasi!A244 | T29: =Kalkulasi!C244
P30: ■ | Q30: =Kalkulasi!A245 | T30: =Kalkulasi!C245
B33: Data dummy · Coal Project | D33: Coal getting: actual vs plan | O33: MT | P33: Ringkasan periode
B34: Simulasi unit per shift,
B35: Maret 2026. Bukan data | P35: Hari dalam periode | S35: =Kalkulasi!$B$9
B36: perusahaan mana pun.
P37: Rata-rata OB / hari | S37: =IF(Kalkulasi!$B$9=0,0,Kalkulasi!$B$38/Kalkulasi!$B$9)
B38: Muhammad Rifqi Rizqullah
B39: Mine Operations Control | P39: Rata-rata coal / hari | S39: =IF(Kalkulasi!$B$9=0,0,Kalkulasi!$B$41/Kalkulasi!$B$9)
P41: Hari OB tertinggi | S41: =IFERROR(TEXT(INDEX(Kalkulasi!$B$81:$B$111,MATCH(MAX(Kalkulasi!$E$81:$E$111),Kalkulasi!$E$81:$E$111,0)),"d mmm")&" · "&TEXT(MAX(Kalkulasi!$E$81:$E$111),"#,##0"),"–")
P43: Hari OB ≥ plan | S43: =SUM(Kalkulasi!$I$81:$I$111)&" dari "&Kalkulasi!$B$9
P45: Porsi OB day shift | S45: =IF(Kalkulasi!$B$38=0,0,Kalkulasi!$B$47/Kalkulasi!$B$38)
P47: OB per ritase | S47: =IF(Kalkulasi!$B$45=0,0,Kalkulasi!$B$38/Kalkulasi!$B$45)

Sheet Digger
B2: PIT CONTROL | D2: Mine Ops Board / Produktivitas Digger
B3: MINE OPS BOARD | D3: Produktivitas Digger
D4: PTY excavator = produksi ÷ EWH · pilih digger untuk melihat tren hariannya
B5: BOARD
B6: =HYPERLINK("#Produksi!A1"," Produksi") | E6: Dari | F6: 46082 | H6: Sampai | I6: 46110 | K6: Shift | L6: Semua | N6: Digger | O6: Semua
B7: =HYPERLINK("#Digger!A1"," Produktivitas Digger") | D7: =IF(Kalkulasi!$B$16=0,"⚠ Tanggal akhir harus sama atau setelah tanggal mulai","Klik sel kuning untuk memilih filter · "&Kalkulasi!$B$16&" hari dipilih")
B8: =HYPERLINK("#Availability!A1"," Availability Unit")
B9: =HYPERLINK("#'Delay & Hujan'!A1"," Delay & Hujan") | D9: PTY OB FLEET | G9: PTY COAL | J9: DIGGER PTY TERTINGGI | M9: PRODUKSI OB DIGGER | P9: HM EXCAVATOR | S9: DIGGER AKTIF OB
B10: =HYPERLINK("#Fuel!A1"," Fuel") | D10: =Kalkulasi!$B$54 | G10: =Kalkulasi!$B$55 | J10: =IFERROR(INDEX($D$15:$D$32,MATCH(MAX($I$15:$I$32),$I$15:$I$32,0)),"–") | M10: =Kalkulasi!$B$50 | P10: =Kalkulasi!$B$56 | S10: =COUNTIF($H$15:$H$32,">0")
B11: =HYPERLINK("#'Tren PTY'!A1"," Tren PTY") | D11: ="EWH OB "&TEXT(Kalkulasi!$B$51,"#,##0")&" jam" | G11: ="EWH coal "&TEXT(Kalkulasi!$B$53,"#,##0")&" jam" | J11: =TEXT(MAX($I$15:$I$32),"#,##0")&" BCM/jam · "&IFERROR(INDEX($E$15:$E$32,MATCH(MAX($I$15:$I$32),$I$15:$I$32,0)),"") | M11: ="Semua excavator" | P11: ="EWH OB "&TEXT(IF(Kalkulasi!$B$56=0,0,Kalkulasi!$B$51/Kalkulasi!$B$56),"0%")&" dari HM" | S11: ="dari 18 excavator"
B13: PER JAM | D13: PTY per excavator | N13: baris biru = digger terpilih | O13: PTY OB (BCM/jam EWH) | U13: digger dengan produksi OB
B14: =HYPERLINK("#'PTY per Jam'!A1"," PTY per Jam") | D14: Unit | E14: Tipe | F14: HM | G14: EWH OB | H14: OB BCM | I14: PTY OB | J14: Ritase | K14: Coal MT | L14: PTY coal | M14: PA | N14: UA
B15: =HYPERLINK("#'Fleet & Delay'!A1"," Fleet & Delay") | D15: EX-1251 | E15: SY1250 | F15: =SUMIFS(DATA_TS!$G$2:$G$20001,DATA_TS!$A$2:$A$20001,">="&Kalkulasi!$B$12,DATA_TS!$A$2:$A$20001,"<="&Kalkulasi!$B$13,DATA_TS!$B$2:$B$20001,Kalkulasi!$B$14,DATA_TS!$C$2:$C$20001,$D15) | G15: =SUMIFS(DATA_TS!$M$2:$M$20001,DATA_TS!$A$2:$A$20001,">="&Kalkulasi!$B$12,DATA_TS!$A$2:$A$20001,"<="&Kalkulasi!$B$13,DATA_TS!$B$2:$B$20001,Kalkulasi!$B$14,DATA_TS!$C$2:$C$20001,$D15) | H15: =SUMIFS(DATA_TS!$Q$2:$Q$20001,DATA_TS!$A$2:$A$20001,">="&Kalkulasi!$B$12,DATA_TS!$A$2:$A$20001,"<="&Kalkulasi!$B$13,DATA_TS!$B$2:$B$20001,Kalkulasi!$B$14,DATA_TS!$C$2:$C$20001,$D15) | I15: =IF(G15=0,0,H15/G15) | J15: =SUMIFS(DATA_TS!$O$2:$O$20001,DATA_TS!$A$2:$A$20001,">="&Kalkulasi!$B$12,DATA_TS!$A$2:$A$20001,"<="&Kalkulasi!$B$13,DATA_TS!$B$2:$B$20001,Kalkulasi!$B$14,DATA_TS!$C$2:$C$20001,$D15) | K15: =SUMIFS(DATA_TS!$R$2:$R$20001,DATA_TS!$A$2:$A$20001,">="&Kalkulasi!$B$12,DATA_TS!$A$2:$A$20001,"<="&Kalkulasi!$B$13,DATA_TS!$B$2:$B$20001,Kalkulasi!$B$14,DATA_TS!$C$2:$C$20001,$D15) | L15: =IFERROR(K15/SUMIFS(DATA_TS!$N$2:$N$20001,DATA_TS!$A$2:$A$20001,">="&Kalkulasi!$B$12,DATA_TS!$A$2:$A$20001,"<="&Kalkulasi!$B$13,DATA_TS!$B$2:$B$20001,Kalkulasi!$B$14,DATA_TS!$C$2:$C$20001,$D15),0) | M15: =IF(F15+SUMIFS(DATA_TS!$J$2:$J$20001,DATA_TS!$A$2:$A$20001,">="&Kalkulasi!$B$12,DATA_TS!$A$2:$A$20001,"<="&Kalkulasi!$B$13,DATA_TS!$B$2:$B$20001,Kalkulasi!$B$14,DATA_TS!$C$2:$C$20001,$D15)+SUMIFS(DATA_TS!$K$2:$K$20001,DATA_TS!$A$2:$A$20001,">="&Kalkulasi!$B$12,DATA_TS!$A$2:$A$20001,"<="&Kalkulasi!$B$13,DATA_TS!$B$2:$B$20001,Kalkulasi!$B$14,DATA_TS!$C$2:$C$20001,$D15)=0,0,(F15+SUMIFS(DATA_TS!$K$2:$K$20001,DATA_TS!$A$2:$A$20001,">="&Kalkulasi!$B$12,DATA_TS!$A$2:$A$20001,"<="&Kalkulasi!$B$13,DATA_TS!$B$2:$B$20001,Kalkulasi!$B$14,DATA_TS!$C$2:$C$20001,$D15))/(F15+SUMIFS(DATA_TS!$J$2:$J$20001,DATA_TS!$A$2:$A$20001,">="&Kalkulasi!$B$12,DATA_TS!$A$2:$A$20001,"<="&Kalkulasi!$B$13,DATA_TS!$B$2:$B$20001,Kalkulasi!$B$14,DATA_TS!$C$2:$C$20001,$D15)+SUMIFS(DATA_TS!$K$2:$K$20001,DATA_TS!$A$2:$A$20001,">="&Kalkulasi!$B$12,DATA_TS!$A$2:$A$20001,"<="&Kalkulasi!$B$13,DATA_TS!$B$2:$B$20001,Kalkulasi!$B$14,DATA_TS!$C$2:$C$20001,$D15))) | N15: =IF(F15+SUMIFS(DATA_TS!$K$2:$K$20001,DATA_TS!$A$2:$A$20001,">="&Kalkulasi!$B$12,DATA_TS!$A$2:$A$20001,"<="&Kalkulasi!$B$13,DATA_TS!$B$2:$B$20001,Kalkulasi!$B$14,DATA_TS!$C$2:$C$20001,$D15)=0,0,F15/(F15+SUMIFS(DATA_TS!$K$2:$K$20001,DATA_TS!$A$2:$A$20001,">="&Kalkulasi!$B$12,DATA_TS!$A$2:$A$20001,"<="&Kalkulasi!$B$13,DATA_TS!$B$2:$B$20001,Kalkulasi!$B$14,DATA_TS!$C$2:$C$20001,$D15)))
B16: =HYPERLINK("#'Daily Report'!A1"," Daily Report") | D16: EX-755 | E16: SY750H-PRO | F16: =SUMIFS(DATA_TS!$G$2:$G$20001,DATA_TS!$A$2:$A$20001,">="&Kalkulasi!$B$12,DATA_TS!$A$2:$A$20001,"<="&Kalkulasi!$B$13,DATA_TS!$B$2:$B$20001,Kalkulasi!$B$14,DATA_TS!$C$2:$C$20001,$D16) | G16: =SUMIFS(DATA_TS!$M$2:$M$20001,DATA_TS!$A$2:$A$20001,">="&Kalkulasi!$B$12,DATA_TS!$A$2:$A$20001,"<="&Kalkulasi!$B$13,DATA_TS!$B$2:$B$20001,Kalkulasi!$B$14,DATA_TS!$C$2:$C$20001,$D16) | H16: =SUMIFS(DATA_TS!$Q$2:$Q$20001,DATA_TS!$A$2:$A$20001,">="&Kalkulasi!$B$12,DATA_TS!$A$2:$A$20001,"<="&Kalkulasi!$B$13,DATA_TS!$B$2:$B$20001,Kalkulasi!$B$14,DATA_TS!$C$2:$C$20001,$D16) | I16: =IF(G16=0,0,H16/G16) | J16: =SUMIFS(DATA_TS!$O$2:$O$20001,DATA_TS!$A$2:$A$20001,">="&Kalkulasi!$B$12,DATA_TS!$A$2:$A$20001,"<="&Kalkulasi!$B$13,DATA_TS!$B$2:$B$20001,Kalkulasi!$B$14,DATA_TS!$C$2:$C$20001,$D16) | K16: =SUMIFS(DATA_TS!$R$2:$R$20001,DATA_TS!$A$2:$A$20001,">="&Kalkulasi!$B$12,DATA_TS!$A$2:$A$20001,"<="&Kalkulasi!$B$13,DATA_TS!$B$2:$B$20001,Kalkulasi!$B$14,DATA_TS!$C$2:$C$20001,$D16) | L16: =IFERROR(K16/SUMIFS(DATA_TS!$N$2:$N$20001,DATA_TS!$A$2:$A$20001,">="&Kalkulasi!$B$12,DATA_TS!$A$2:$A$20001,"<="&Kalkulasi!$B$13,DATA_TS!$B$2:$B$20001,Kalkulasi!$B$14,DATA_TS!$C$2:$C$20001,$D16),0) | M16: =IF(F16+SUMIFS(DATA_TS!$J$2:$J$20001,DATA_TS!$A$2:$A$20001,">="&Kalkulasi!$B$12,DATA_TS!$A$2:$A$20001,"<="&Kalkulasi!$B$13,DATA_TS!$B$2:$B$20001,Kalkulasi!$B$14,DATA_TS!$C$2:$C$20001,$D16)+SUMIFS(DATA_TS!$K$2:$K$20001,DATA_TS!$A$2:$A$20001,">="&Kalkulasi!$B$12,DATA_TS!$A$2:$A$20001,"<="&Kalkulasi!$B$13,DATA_TS!$B$2:$B$20001,Kalkulasi!$B$14,DATA_TS!$C$2:$C$20001,$D16)=0,0,(F16+SUMIFS(DATA_TS!$K$2:$K$20001,DATA_TS!$A$2:$A$20001,">="&Kalkulasi!$B$12,DATA_TS!$A$2:$A$20001,"<="&Kalkulasi!$B$13,DATA_TS!$B$2:$B$20001,Kalkulasi!$B$14,DATA_TS!$C$2:$C$20001,$D16))/(F16+SUMIFS(DATA_TS!$J$2:$J$20001,DATA_TS!$A$2:$A$20001,">="&Kalkulasi!$B$12,DATA_TS!$A$2:$A$20001,"<="&Kalkulasi!$B$13,DATA_TS!$B$2:$B$20001,Kalkulasi!$B$14,DATA_TS!$C$2:$C$20001,$D16)+SUMIFS(DATA_TS!$K$2:$K$20001,DATA_TS!$A$2:$A$20001,">="&Kalkulasi!$B$12,DATA_TS!$A$2:$A$20001,"<="&Kalkulasi!$B$13,DATA_TS!$B$2:$B$20001,Kalkulasi!$B$14,DATA_TS!$C$2:$C$20001,$D16))) | N16: =IF(F16+SUMIFS(DATA_TS!$K$2:$K$20001,DATA_TS!$A$2:$A$20001,">="&Kalkulasi!$B$12,DATA_TS!$A$2:$A$20001,"<="&Kalkulasi!$B$13,DATA_TS!$B$2:$B$20001,Kalkulasi!$B$14,DATA_TS!$C$2:$C$20001,$D16)=0,0,F16/(F16+SUMIFS(DATA_TS!$K$2:$K$20001,DATA_TS!$A$2:$A$20001,">="&Kalkulasi!$B$12,DATA_TS!$A$2:$A$20001,"<="&Kalkulasi!$B$13,DATA_TS!$B$2:$B$20001,Kalkulasi!$B$14,DATA_TS!$C$2:$C$20001,$D16)))
B17: =HYPERLINK("#INPUT_RITASE!A1"," Input ritase ↗") | D17: EX-2101 | E17: SY2000 | F17: =SUMIFS(DATA_TS!$G$2:$G$20001,DATA_TS!$A$2:$A$20001,">="&Kalkulasi!$B$12,DATA_TS!$A$2:$A$20001,"<="&Kalkulasi!$B$13,DATA_TS!$B$2:$B$20001,Kalkulasi!$B$14,DATA_TS!$C$2:$C$20001,$D17) | G17: =SUMIFS(DATA_TS!$M$2:$M$20001,DATA_TS!$A$2:$A$20001,">="&Kalkulasi!$B$12,DATA_TS!$A$2:$A$20001,"<="&Kalkulasi!$B$13,DATA_TS!$B$2:$B$20001,Kalkulasi!$B$14,DATA_TS!$C$2:$C$20001,$D17) | H17: =SUMIFS(DATA_TS!$Q$2:$Q$20001,DATA_TS!$A$2:$A$20001,">="&Kalkulasi!$B$12,DATA_TS!$A$2:$A$20001,"<="&Kalkulasi!$B$13,DATA_TS!$B$2:$B$20001,Kalkulasi!$B$14,DATA_TS!$C$2:$C$20001,$D17) | I17: =IF(G17=0,0,H17/G17) | J17: =SUMIFS(DATA_TS!$O$2:$O$20001,DATA_TS!$A$2:$A$20001,">="&Kalkulasi!$B$12,DATA_TS!$A$2:$A$20001,"<="&Kalkulasi!$B$13,DATA_TS!$B$2:$B$20001,Kalkulasi!$B$14,DATA_TS!$C$2:$C$20001,$D17) | K17: =SUMIFS(DATA_TS!$R$2:$R$20001,DATA_TS!$A$2:$A$20001,">="&Kalkulasi!$B$12,DATA_TS!$A$2:$A$20001,"<="&Kalkulasi!$B$13,DATA_TS!$B$2:$B$20001,Kalkulasi!$B$14,DATA_TS!$C$2:$C$20001,$D17) | L17: =IFERROR(K17/SUMIFS(DATA_TS!$N$2:$N$20001,DATA_TS!$A$2:$A$20001,">="&Kalkulasi!$B$12,DATA_TS!$A$2:$A$20001,"<="&Kalkulasi!$B$13,DATA_TS!$B$2:$B$20001,Kalkulasi!$B$14,DATA_TS!$C$2:$C$20001,$D17),0) | M17: =IF(F17+SUMIFS(DATA_TS!$J$2:$J$20001,DATA_TS!$A$2:$A$20001,">="&Kalkulasi!$B$12,DATA_TS!$A$2:$A$20001,"<="&Kalkulasi!$B$13,DATA_TS!$B$2:$B$20001,Kalkulasi!$B$14,DATA_TS!$C$2:$C$20001,$D17)+SUMIFS(DATA_TS!$K$2:$K$20001,DATA_TS!$A$2:$A$20001,">="&Kalkulasi!$B$12,DATA_TS!$A$2:$A$20001,"<="&Kalkulasi!$B$13,DATA_TS!$B$2:$B$20001,Kalkulasi!$B$14,DATA_TS!$C$2:$C$20001,$D17)=0,0,(F17+SUMIFS(DATA_TS!$K$2:$K$20001,DATA_TS!$A$2:$A$20001,">="&Kalkulasi!$B$12,DATA_TS!$A$2:$A$20001,"<="&Kalkulasi!$B$13,DATA_TS!$B$2:$B$20001,Kalkulasi!$B$14,DATA_TS!$C$2:$C$20001,$D17))/(F17+SUMIFS(DATA_TS!$J$2:$J$20001,DATA_TS!$A$2:$A$20001,">="&Kalkulasi!$B$12,DATA_TS!$A$2:$A$20001,"<="&Kalkulasi!$B$13,DATA_TS!$B$2:$B$20001,Kalkulasi!$B$14,DATA_TS!$C$2:$C$20001,$D17)+SUMIFS(DATA_TS!$K$2:$K$20001,DATA_TS!$A$2:$A$20001,">="&Kalkulasi!$B$12,DATA_TS!$A$2:$A$20001,"<="&Kalkulasi!$B$13,DATA_TS!$B$2:$B$20001,Kalkulasi!$B$14,DATA_TS!$C$2:$C$20001,$D17))) | N17: =IF(F17+SUMIFS(DATA_TS!$K$2:$K$20001,DATA_TS!$A$2:$A$20001,">="&Kalkulasi!$B$12,DATA_TS!$A$2:$A$20001,"<="&Kalkulasi!$B$13,DATA_TS!$B$2:$B$20001,Kalkulasi!$B$14,DATA_TS!$C$2:$C$20001,$D17)=0,0,F17/(F17+SUMIFS(DATA_TS!$K$2:$K$20001,DATA_TS!$A$2:$A$20001,">="&Kalkulasi!$B$12,DATA_TS!$A$2:$A$20001,"<="&Kalkulasi!$B$13,DATA_TS!$B$2:$B$20001,Kalkulasi!$B$14,DATA_TS!$C$2:$C$20001,$D17)))
B18: =HYPERLINK("#INPUT_DELAY!A1"," Input delay ↗") | D18: EX-754 | E18: SY750H-PRO | F18: =SUMIFS(DATA_TS!$G$2:$G$20001,DATA_TS!$A$2:$A$20001,">="&Kalkulasi!$B$12,DATA_TS!$A$2:$A$20001,"<="&Kalkulasi!$B$13,DATA_TS!$B$2:$B$20001,Kalkulasi!$B$14,DATA_TS!$C$2:$C$20001,$D18) | G18: =SUMIFS(DATA_TS!$M$2:$M$20001,DATA_TS!$A$2:$A$20001,">="&Kalkulasi!$B$12,DATA_TS!$A$2:$A$20001,"<="&Kalkulasi!$B$13,DATA_TS!$B$2:$B$20001,Kalkulasi!$B$14,DATA_TS!$C$2:$C$20001,$D18) | H18: =SUMIFS(DATA_TS!$Q$2:$Q$20001,DATA_TS!$A$2:$A$20001,">="&Kalkulasi!$B$12,DATA_TS!$A$2:$A$20001,"<="&Kalkulasi!$B$13,DATA_TS!$B$2:$B$20001,Kalkulasi!$B$14,DATA_TS!$C$2:$C$20001,$D18) | I18: =IF(G18=0,0,H18/G18) | J18: =SUMIFS(DATA_TS!$O$2:$O$20001,DATA_TS!$A$2:$A$20001,">="&Kalkulasi!$B$12,DATA_TS!$A$2:$A$20001,"<="&Kalkulasi!$B$13,DATA_TS!$B$2:$B$20001,Kalkulasi!$B$14,DATA_TS!$C$2:$C$20001,$D18) | K18: =SUMIFS(DATA_TS!$R$2:$R$20001,DATA_TS!$A$2:$A$20001,">="&Kalkulasi!$B$12,DATA_TS!$A$2:$A$20001,"<="&Kalkulasi!$B$13,DATA_TS!$B$2:$B$20001,Kalkulasi!$B$14,DATA_TS!$C$2:$C$20001,$D18) | L18: =IFERROR(K18/SUMIFS(DATA_TS!$N$2:$N$20001,DATA_TS!$A$2:$A$20001,">="&Kalkulasi!$B$12,DATA_TS!$A$2:$A$20001,"<="&Kalkulasi!$B$13,DATA_TS!$B$2:$B$20001,Kalkulasi!$B$14,DATA_TS!$C$2:$C$20001,$D18),0) | M18: =IF(F18+SUMIFS(DATA_TS!$J$2:$J$20001,DATA_TS!$A$2:$A$20001,">="&Kalkulasi!$B$12,DATA_TS!$A$2:$A$20001,"<="&Kalkulasi!$B$13,DATA_TS!$B$2:$B$20001,Kalkulasi!$B$14,DATA_TS!$C$2:$C$20001,$D18)+SUMIFS(DATA_TS!$K$2:$K$20001,DATA_TS!$A$2:$A$20001,">="&Kalkulasi!$B$12,DATA_TS!$A$2:$A$20001,"<="&Kalkulasi!$B$13,DATA_TS!$B$2:$B$20001,Kalkulasi!$B$14,DATA_TS!$C$2:$C$20001,$D18)=0,0,(F18+SUMIFS(DATA_TS!$K$2:$K$20001,DATA_TS!$A$2:$A$20001,">="&Kalkulasi!$B$12,DATA_TS!$A$2:$A$20001,"<="&Kalkulasi!$B$13,DATA_TS!$B$2:$B$20001,Kalkulasi!$B$14,DATA_TS!$C$2:$C$20001,$D18))/(F18+SUMIFS(DATA_TS!$J$2:$J$20001,DATA_TS!$A$2:$A$20001,">="&Kalkulasi!$B$12,DATA_TS!$A$2:$A$20001,"<="&Kalkulasi!$B$13,DATA_TS!$B$2:$B$20001,Kalkulasi!$B$14,DATA_TS!$C$2:$C$20001,$D18)+SUMIFS(DATA_TS!$K$2:$K$20001,DATA_TS!$A$2:$A$20001,">="&Kalkulasi!$B$12,DATA_TS!$A$2:$A$20001,"<="&Kalkulasi!$B$13,DATA_TS!$B$2:$B$20001,Kalkulasi!$B$14,DATA_TS!$C$2:$C$20001,$D18))) | N18: =IF(F18+SUMIFS(DATA_TS!$K$2:$K$20001,DATA_TS!$A$2:$A$20001,">="&Kalkulasi!$B$12,DATA_TS!$A$2:$A$20001,"<="&Kalkulasi!$B$13,DATA_TS!$B$2:$B$20001,Kalkulasi!$B$14,DATA_TS!$C$2:$C$20001,$D18)=0,0,F18/(F18+SUMIFS(DATA_TS!$K$2:$K$20001,DATA_TS!$A$2:$A$20001,">="&Kalkulasi!$B$12,DATA_TS!$A$2:$A$20001,"<="&Kalkulasi!$B$13,DATA_TS!$B$2:$B$20001,Kalkulasi!$B$14,DATA_TS!$C$2:$C$20001,$D18)))
D19: EX-753 | E19: SY750H-PRO | F19: =SUMIFS(DATA_TS!$G$2:$G$20001,DATA_TS!$A$2:$A$20001,">="&Kalkulasi!$B$12,DATA_TS!$A$2:$A$20001,"<="&Kalkulasi!$B$13,DATA_TS!$B$2:$B$20001,Kalkulasi!$B$14,DATA_TS!$C$2:$C$20001,$D19) | G19: =SUMIFS(DATA_TS!$M$2:$M$20001,DATA_TS!$A$2:$A$20001,">="&Kalkulasi!$B$12,DATA_TS!$A$2:$A$20001,"<="&Kalkulasi!$B$13,DATA_TS!$B$2:$B$20001,Kalkulasi!$B$14,DATA_TS!$C$2:$C$20001,$D19) | H19: =SUMIFS(DATA_TS!$Q$2:$Q$20001,DATA_TS!$A$2:$A$20001,">="&Kalkulasi!$B$12,DATA_TS!$A$2:$A$20001,"<="&Kalkulasi!$B$13,DATA_TS!$B$2:$B$20001,Kalkulasi!$B$14,DATA_TS!$C$2:$C$20001,$D19) | I19: =IF(G19=0,0,H19/G19) | J19: =SUMIFS(DATA_TS!$O$2:$O$20001,DATA_TS!$A$2:$A$20001,">="&Kalkulasi!$B$12,DATA_TS!$A$2:$A$20001,"<="&Kalkulasi!$B$13,DATA_TS!$B$2:$B$20001,Kalkulasi!$B$14,DATA_TS!$C$2:$C$20001,$D19) | K19: =SUMIFS(DATA_TS!$R$2:$R$20001,DATA_TS!$A$2:$A$20001,">="&Kalkulasi!$B$12,DATA_TS!$A$2:$A$20001,"<="&Kalkulasi!$B$13,DATA_TS!$B$2:$B$20001,Kalkulasi!$B$14,DATA_TS!$C$2:$C$20001,$D19) | L19: =IFERROR(K19/SUMIFS(DATA_TS!$N$2:$N$20001,DATA_TS!$A$2:$A$20001,">="&Kalkulasi!$B$12,DATA_TS!$A$2:$A$20001,"<="&Kalkulasi!$B$13,DATA_TS!$B$2:$B$20001,Kalkulasi!$B$14,DATA_TS!$C$2:$C$20001,$D19),0) | M19: =IF(F19+SUMIFS(DATA_TS!$J$2:$J$20001,DATA_TS!$A$2:$A$20001,">="&Kalkulasi!$B$12,DATA_TS!$A$2:$A$20001,"<="&Kalkulasi!$B$13,DATA_TS!$B$2:$B$20001,Kalkulasi!$B$14,DATA_TS!$C$2:$C$20001,$D19)+SUMIFS(DATA_TS!$K$2:$K$20001,DATA_TS!$A$2:$A$20001,">="&Kalkulasi!$B$12,DATA_TS!$A$2:$A$20001,"<="&Kalkulasi!$B$13,DATA_TS!$B$2:$B$20001,Kalkulasi!$B$14,DATA_TS!$C$2:$C$20001,$D19)=0,0,(F19+SUMIFS(DATA_TS!$K$2:$K$20001,DATA_TS!$A$2:$A$20001,">="&Kalkulasi!$B$12,DATA_TS!$A$2:$A$20001,"<="&Kalkulasi!$B$13,DATA_TS!$B$2:$B$20001,Kalkulasi!$B$14,DATA_TS!$C$2:$C$20001,$D19))/(F19+SUMIFS(DATA_TS!$J$2:$J$20001,DATA_TS!$A$2:$A$20001,">="&Kalkulasi!$B$12,DATA_TS!$A$2:$A$20001,"<="&Kalkulasi!$B$13,DATA_TS!$B$2:$B$20001,Kalkulasi!$B$14,DATA_TS!$C$2:$C$20001,$D19)+SUMIFS(DATA_TS!$K$2:$K$20001,DATA_TS!$A$2:$A$20001,">="&Kalkulasi!$B$12,DATA_TS!$A$2:$A$20001,"<="&Kalkulasi!$B$13,DATA_TS!$B$2:$B$20001,Kalkulasi!$B$14,DATA_TS!$C$2:$C$20001,$D19))) | N19: =IF(F19+SUMIFS(DATA_TS!$K$2:$K$20001,DATA_TS!$A$2:$A$20001,">="&Kalkulasi!$B$12,DATA_TS!$A$2:$A$20001,"<="&Kalkulasi!$B$13,DATA_TS!$B$2:$B$20001,Kalkulasi!$B$14,DATA_TS!$C$2:$C$20001,$D19)=0,0,F19/(F19+SUMIFS(DATA_TS!$K$2:$K$20001,DATA_TS!$A$2:$A$20001,">="&Kalkulasi!$B$12,DATA_TS!$A$2:$A$20001,"<="&Kalkulasi!$B$13,DATA_TS!$B$2:$B$20001,Kalkulasi!$B$14,DATA_TS!$C$2:$C$20001,$D19)))
B20: DATA | D20: EX-1252 | E20: SY1250 | F20: =SUMIFS(DATA_TS!$G$2:$G$20001,DATA_TS!$A$2:$A$20001,">="&Kalkulasi!$B$12,DATA_TS!$A$2:$A$20001,"<="&Kalkulasi!$B$13,DATA_TS!$B$2:$B$20001,Kalkulasi!$B$14,DATA_TS!$C$2:$C$20001,$D20) | G20: =SUMIFS(DATA_TS!$M$2:$M$20001,DATA_TS!$A$2:$A$20001,">="&Kalkulasi!$B$12,DATA_TS!$A$2:$A$20001,"<="&Kalkulasi!$B$13,DATA_TS!$B$2:$B$20001,Kalkulasi!$B$14,DATA_TS!$C$2:$C$20001,$D20) | H20: =SUMIFS(DATA_TS!$Q$2:$Q$20001,DATA_TS!$A$2:$A$20001,">="&Kalkulasi!$B$12,DATA_TS!$A$2:$A$20001,"<="&Kalkulasi!$B$13,DATA_TS!$B$2:$B$20001,Kalkulasi!$B$14,DATA_TS!$C$2:$C$20001,$D20) | I20: =IF(G20=0,0,H20/G20) | J20: =SUMIFS(DATA_TS!$O$2:$O$20001,DATA_TS!$A$2:$A$20001,">="&Kalkulasi!$B$12,DATA_TS!$A$2:$A$20001,"<="&Kalkulasi!$B$13,DATA_TS!$B$2:$B$20001,Kalkulasi!$B$14,DATA_TS!$C$2:$C$20001,$D20) | K20: =SUMIFS(DATA_TS!$R$2:$R$20001,DATA_TS!$A$2:$A$20001,">="&Kalkulasi!$B$12,DATA_TS!$A$2:$A$20001,"<="&Kalkulasi!$B$13,DATA_TS!$B$2:$B$20001,Kalkulasi!$B$14,DATA_TS!$C$2:$C$20001,$D20) | L20: =IFERROR(K20/SUMIFS(DATA_TS!$N$2:$N$20001,DATA_TS!$A$2:$A$20001,">="&Kalkulasi!$B$12,DATA_TS!$A$2:$A$20001,"<="&Kalkulasi!$B$13,DATA_TS!$B$2:$B$20001,Kalkulasi!$B$14,DATA_TS!$C$2:$C$20001,$D20),0) | M20: =IF(F20+SUMIFS(DATA_TS!$J$2:$J$20001,DATA_TS!$A$2:$A$20001,">="&Kalkulasi!$B$12,DATA_TS!$A$2:$A$20001,"<="&Kalkulasi!$B$13,DATA_TS!$B$2:$B$20001,Kalkulasi!$B$14,DATA_TS!$C$2:$C$20001,$D20)+SUMIFS(DATA_TS!$K$2:$K$20001,DATA_TS!$A$2:$A$20001,">="&Kalkulasi!$B$12,DATA_TS!$A$2:$A$20001,"<="&Kalkulasi!$B$13,DATA_TS!$B$2:$B$20001,Kalkulasi!$B$14,DATA_TS!$C$2:$C$20001,$D20)=0,0,(F20+SUMIFS(DATA_TS!$K$2:$K$20001,DATA_TS!$A$2:$A$20001,">="&Kalkulasi!$B$12,DATA_TS!$A$2:$A$20001,"<="&Kalkulasi!$B$13,DATA_TS!$B$2:$B$20001,Kalkulasi!$B$14,DATA_TS!$C$2:$C$20001,$D20))/(F20+SUMIFS(DATA_TS!$J$2:$J$20001,DATA_TS!$A$2:$A$20001,">="&Kalkulasi!$B$12,DATA_TS!$A$2:$A$20001,"<="&Kalkulasi!$B$13,DATA_TS!$B$2:$B$20001,Kalkulasi!$B$14,DATA_TS!$C$2:$C$20001,$D20)+SUMIFS(DATA_TS!$K$2:$K$20001,DATA_TS!$A$2:$A$20001,">="&Kalkulasi!$B$12,DATA_TS!$A$2:$A$20001,"<="&Kalkulasi!$B$13,DATA_TS!$B$2:$B$20001,Kalkulasi!$B$14,DATA_TS!$C$2:$C$20001,$D20))) | N20: =IF(F20+SUMIFS(DATA_TS!$K$2:$K$20001,DATA_TS!$A$2:$A$20001,">="&Kalkulasi!$B$12,DATA_TS!$A$2:$A$20001,"<="&Kalkulasi!$B$13,DATA_TS!$B$2:$B$20001,Kalkulasi!$B$14,DATA_TS!$C$2:$C$20001,$D20)=0,0,F20/(F20+SUMIFS(DATA_TS!$K$2:$K$20001,DATA_TS!$A$2:$A$20001,">="&Kalkulasi!$B$12,DATA_TS!$A$2:$A$20001,"<="&Kalkulasi!$B$13,DATA_TS!$B$2:$B$20001,Kalkulasi!$B$14,DATA_TS!$C$2:$C$20001,$D20)))
B21: =HYPERLINK("#'Master Data'!A1"," Master Data") | D21: EX-334 | E21: PC 300-8MO | F21: =SUMIFS(DATA_TS!$G$2:$G$20001,DATA_TS!$A$2:$A$20001,">="&Kalkulasi!$B$12,DATA_TS!$A$2:$A$20001,"<="&Kalkulasi!$B$13,DATA_TS!$B$2:$B$20001,Kalkulasi!$B$14,DATA_TS!$C$2:$C$20001,$D21) | G21: =SUMIFS(DATA_TS!$M$2:$M$20001,DATA_TS!$A$2:$A$20001,">="&Kalkulasi!$B$12,DATA_TS!$A$2:$A$20001,"<="&Kalkulasi!$B$13,DATA_TS!$B$2:$B$20001,Kalkulasi!$B$14,DATA_TS!$C$2:$C$20001,$D21) | H21: =SUMIFS(DATA_TS!$Q$2:$Q$20001,DATA_TS!$A$2:$A$20001,">="&Kalkulasi!$B$12,DATA_TS!$A$2:$A$20001,"<="&Kalkulasi!$B$13,DATA_TS!$B$2:$B$20001,Kalkulasi!$B$14,DATA_TS!$C$2:$C$20001,$D21) | I21: =IF(G21=0,0,H21/G21) | J21: =SUMIFS(DATA_TS!$O$2:$O$20001,DATA_TS!$A$2:$A$20001,">="&Kalkulasi!$B$12,DATA_TS!$A$2:$A$20001,"<="&Kalkulasi!$B$13,DATA_TS!$B$2:$B$20001,Kalkulasi!$B$14,DATA_TS!$C$2:$C$20001,$D21) | K21: =SUMIFS(DATA_TS!$R$2:$R$20001,DATA_TS!$A$2:$A$20001,">="&Kalkulasi!$B$12,DATA_TS!$A$2:$A$20001,"<="&Kalkulasi!$B$13,DATA_TS!$B$2:$B$20001,Kalkulasi!$B$14,DATA_TS!$C$2:$C$20001,$D21) | L21: =IFERROR(K21/SUMIFS(DATA_TS!$N$2:$N$20001,DATA_TS!$A$2:$A$20001,">="&Kalkulasi!$B$12,DATA_TS!$A$2:$A$20001,"<="&Kalkulasi!$B$13,DATA_TS!$B$2:$B$20001,Kalkulasi!$B$14,DATA_TS!$C$2:$C$20001,$D21),0) | M21: =IF(F21+SUMIFS(DATA_TS!$J$2:$J$20001,DATA_TS!$A$2:$A$20001,">="&Kalkulasi!$B$12,DATA_TS!$A$2:$A$20001,"<="&Kalkulasi!$B$13,DATA_TS!$B$2:$B$20001,Kalkulasi!$B$14,DATA_TS!$C$2:$C$20001,$D21)+SUMIFS(DATA_TS!$K$2:$K$20001,DATA_TS!$A$2:$A$20001,">="&Kalkulasi!$B$12,DATA_TS!$A$2:$A$20001,"<="&Kalkulasi!$B$13,DATA_TS!$B$2:$B$20001,Kalkulasi!$B$14,DATA_TS!$C$2:$C$20001,$D21)=0,0,(F21+SUMIFS(DATA_TS!$K$2:$K$20001,DATA_TS!$A$2:$A$20001,">="&Kalkulasi!$B$12,DATA_TS!$A$2:$A$20001,"<="&Kalkulasi!$B$13,DATA_TS!$B$2:$B$20001,Kalkulasi!$B$14,DATA_TS!$C$2:$C$20001,$D21))/(F21+SUMIFS(DATA_TS!$J$2:$J$20001,DATA_TS!$A$2:$A$20001,">="&Kalkulasi!$B$12,DATA_TS!$A$2:$A$20001,"<="&Kalkulasi!$B$13,DATA_TS!$B$2:$B$20001,Kalkulasi!$B$14,DATA_TS!$C$2:$C$20001,$D21)+SUMIFS(DATA_TS!$K$2:$K$20001,DATA_TS!$A$2:$A$20001,">="&Kalkulasi!$B$12,DATA_TS!$A$2:$A$20001,"<="&Kalkulasi!$B$13,DATA_TS!$B$2:$B$20001,Kalkulasi!$B$14,DATA_TS!$C$2:$C$20001,$D21))) | N21: =IF(F21+SUMIFS(DATA_TS!$K$2:$K$20001,DATA_TS!$A$2:$A$20001,">="&Kalkulasi!$B$12,DATA_TS!$A$2:$A$20001,"<="&Kalkulasi!$B$13,DATA_TS!$B$2:$B$20001,Kalkulasi!$B$14,DATA_TS!$C$2:$C$20001,$D21)=0,0,F21/(F21+SUMIFS(DATA_TS!$K$2:$K$20001,DATA_TS!$A$2:$A$20001,">="&Kalkulasi!$B$12,DATA_TS!$A$2:$A$20001,"<="&Kalkulasi!$B$13,DATA_TS!$B$2:$B$20001,Kalkulasi!$B$14,DATA_TS!$C$2:$C$20001,$D21)))
B22: =HYPERLINK("#DATA_TS!A1"," Tabel timesheet ↗") | D22: EX-336 | E22: PC 300-8MO | F22: =SUMIFS(DATA_TS!$G$2:$G$20001,DATA_TS!$A$2:$A$20001,">="&Kalkulasi!$B$12,DATA_TS!$A$2:$A$20001,"<="&Kalkulasi!$B$13,DATA_TS!$B$2:$B$20001,Kalkulasi!$B$14,DATA_TS!$C$2:$C$20001,$D22) | G22: =SUMIFS(DATA_TS!$M$2:$M$20001,DATA_TS!$A$2:$A$20001,">="&Kalkulasi!$B$12,DATA_TS!$A$2:$A$20001,"<="&Kalkulasi!$B$13,DATA_TS!$B$2:$B$20001,Kalkulasi!$B$14,DATA_TS!$C$2:$C$20001,$D22) | H22: =SUMIFS(DATA_TS!$Q$2:$Q$20001,DATA_TS!$A$2:$A$20001,">="&Kalkulasi!$B$12,DATA_TS!$A$2:$A$20001,"<="&Kalkulasi!$B$13,DATA_TS!$B$2:$B$20001,Kalkulasi!$B$14,DATA_TS!$C$2:$C$20001,$D22) | I22: =IF(G22=0,0,H22/G22) | J22: =SUMIFS(DATA_TS!$O$2:$O$20001,DATA_TS!$A$2:$A$20001,">="&Kalkulasi!$B$12,DATA_TS!$A$2:$A$20001,"<="&Kalkulasi!$B$13,DATA_TS!$B$2:$B$20001,Kalkulasi!$B$14,DATA_TS!$C$2:$C$20001,$D22) | K22: =SUMIFS(DATA_TS!$R$2:$R$20001,DATA_TS!$A$2:$A$20001,">="&Kalkulasi!$B$12,DATA_TS!$A$2:$A$20001,"<="&Kalkulasi!$B$13,DATA_TS!$B$2:$B$20001,Kalkulasi!$B$14,DATA_TS!$C$2:$C$20001,$D22) | L22: =IFERROR(K22/SUMIFS(DATA_TS!$N$2:$N$20001,DATA_TS!$A$2:$A$20001,">="&Kalkulasi!$B$12,DATA_TS!$A$2:$A$20001,"<="&Kalkulasi!$B$13,DATA_TS!$B$2:$B$20001,Kalkulasi!$B$14,DATA_TS!$C$2:$C$20001,$D22),0) | M22: =IF(F22+SUMIFS(DATA_TS!$J$2:$J$20001,DATA_TS!$A$2:$A$20001,">="&Kalkulasi!$B$12,DATA_TS!$A$2:$A$20001,"<="&Kalkulasi!$B$13,DATA_TS!$B$2:$B$20001,Kalkulasi!$B$14,DATA_TS!$C$2:$C$20001,$D22)+SUMIFS(DATA_TS!$K$2:$K$20001,DATA_TS!$A$2:$A$20001,">="&Kalkulasi!$B$12,DATA_TS!$A$2:$A$20001,"<="&Kalkulasi!$B$13,DATA_TS!$B$2:$B$20001,Kalkulasi!$B$14,DATA_TS!$C$2:$C$20001,$D22)=0,0,(F22+SUMIFS(DATA_TS!$K$2:$K$20001,DATA_TS!$A$2:$A$20001,">="&Kalkulasi!$B$12,DATA_TS!$A$2:$A$20001,"<="&Kalkulasi!$B$13,DATA_TS!$B$2:$B$20001,Kalkulasi!$B$14,DATA_TS!$C$2:$C$20001,$D22))/(F22+SUMIFS(DATA_TS!$J$2:$J$20001,DATA_TS!$A$2:$A$20001,">="&Kalkulasi!$B$12,DATA_TS!$A$2:$A$20001,"<="&Kalkulasi!$B$13,DATA_TS!$B$2:$B$20001,Kalkulasi!$B$14,DATA_TS!$C$2:$C$20001,$D22)+SUMIFS(DATA_TS!$K$2:$K$20001,DATA_TS!$A$2:$A$20001,">="&Kalkulasi!$B$12,DATA_TS!$A$2:$A$20001,"<="&Kalkulasi!$B$13,DATA_TS!$B$2:$B$20001,Kalkulasi!$B$14,DATA_TS!$C$2:$C$20001,$D22))) | N22: =IF(F22+SUMIFS(DATA_TS!$K$2:$K$20001,DATA_TS!$A$2:$A$20001,">="&Kalkulasi!$B$12,DATA_TS!$A$2:$A$20001,"<="&Kalkulasi!$B$13,DATA_TS!$B$2:$B$20001,Kalkulasi!$B$14,DATA_TS!$C$2:$C$20001,$D22)=0,0,F22/(F22+SUMIFS(DATA_TS!$K$2:$K$20001,DATA_TS!$A$2:$A$20001,">="&Kalkulasi!$B$12,DATA_TS!$A$2:$A$20001,"<="&Kalkulasi!$B$13,DATA_TS!$B$2:$B$20001,Kalkulasi!$B$14,DATA_TS!$C$2:$C$20001,$D22)))
B23: =HYPERLINK("#DATA_FUEL!A1"," Tabel fuel ↗") | D23: EX-333 | E23: PC 300-8MO | F23: =SUMIFS(DATA_TS!$G$2:$G$20001,DATA_TS!$A$2:$A$20001,">="&Kalkulasi!$B$12,DATA_TS!$A$2:$A$20001,"<="&Kalkulasi!$B$13,DATA_TS!$B$2:$B$20001,Kalkulasi!$B$14,DATA_TS!$C$2:$C$20001,$D23) | G23: =SUMIFS(DATA_TS!$M$2:$M$20001,DATA_TS!$A$2:$A$20001,">="&Kalkulasi!$B$12,DATA_TS!$A$2:$A$20001,"<="&Kalkulasi!$B$13,DATA_TS!$B$2:$B$20001,Kalkulasi!$B$14,DATA_TS!$C$2:$C$20001,$D23) | H23: =SUMIFS(DATA_TS!$Q$2:$Q$20001,DATA_TS!$A$2:$A$20001,">="&Kalkulasi!$B$12,DATA_TS!$A$2:$A$20001,"<="&Kalkulasi!$B$13,DATA_TS!$B$2:$B$20001,Kalkulasi!$B$14,DATA_TS!$C$2:$C$20001,$D23) | I23: =IF(G23=0,0,H23/G23) | J23: =SUMIFS(DATA_TS!$O$2:$O$20001,DATA_TS!$A$2:$A$20001,">="&Kalkulasi!$B$12,DATA_TS!$A$2:$A$20001,"<="&Kalkulasi!$B$13,DATA_TS!$B$2:$B$20001,Kalkulasi!$B$14,DATA_TS!$C$2:$C$20001,$D23) | K23: =SUMIFS(DATA_TS!$R$2:$R$20001,DATA_TS!$A$2:$A$20001,">="&Kalkulasi!$B$12,DATA_TS!$A$2:$A$20001,"<="&Kalkulasi!$B$13,DATA_TS!$B$2:$B$20001,Kalkulasi!$B$14,DATA_TS!$C$2:$C$20001,$D23) | L23: =IFERROR(K23/SUMIFS(DATA_TS!$N$2:$N$20001,DATA_TS!$A$2:$A$20001,">="&Kalkulasi!$B$12,DATA_TS!$A$2:$A$20001,"<="&Kalkulasi!$B$13,DATA_TS!$B$2:$B$20001,Kalkulasi!$B$14,DATA_TS!$C$2:$C$20001,$D23),0) | M23: =IF(F23+SUMIFS(DATA_TS!$J$2:$J$20001,DATA_TS!$A$2:$A$20001,">="&Kalkulasi!$B$12,DATA_TS!$A$2:$A$20001,"<="&Kalkulasi!$B$13,DATA_TS!$B$2:$B$20001,Kalkulasi!$B$14,DATA_TS!$C$2:$C$20001,$D23)+SUMIFS(DATA_TS!$K$2:$K$20001,DATA_TS!$A$2:$A$20001,">="&Kalkulasi!$B$12,DATA_TS!$A$2:$A$20001,"<="&Kalkulasi!$B$13,DATA_TS!$B$2:$B$20001,Kalkulasi!$B$14,DATA_TS!$C$2:$C$20001,$D23)=0,0,(F23+SUMIFS(DATA_TS!$K$2:$K$20001,DATA_TS!$A$2:$A$20001,">="&Kalkulasi!$B$12,DATA_TS!$A$2:$A$20001,"<="&Kalkulasi!$B$13,DATA_TS!$B$2:$B$20001,Kalkulasi!$B$14,DATA_TS!$C$2:$C$20001,$D23))/(F23+SUMIFS(DATA_TS!$J$2:$J$20001,DATA_TS!$A$2:$A$20001,">="&Kalkulasi!$B$12,DATA_TS!$A$2:$A$20001,"<="&Kalkulasi!$B$13,DATA_TS!$B$2:$B$20001,Kalkulasi!$B$14,DATA_TS!$C$2:$C$20001,$D23)+SUMIFS(DATA_TS!$K$2:$K$20001,DATA_TS!$A$2:$A$20001,">="&Kalkulasi!$B$12,DATA_TS!$A$2:$A$20001,"<="&Kalkulasi!$B$13,DATA_TS!$B$2:$B$20001,Kalkulasi!$B$14,DATA_TS!$C$2:$C$20001,$D23))) | N23: =IF(F23+SUMIFS(DATA_TS!$K$2:$K$20001,DATA_TS!$A$2:$A$20001,">="&Kalkulasi!$B$12,DATA_TS!$A$2:$A$20001,"<="&Kalkulasi!$B$13,DATA_TS!$B$2:$B$20001,Kalkulasi!$B$14,DATA_TS!$C$2:$C$20001,$D23)=0,0,F23/(F23+SUMIFS(DATA_TS!$K$2:$K$20001,DATA_TS!$A$2:$A$20001,">="&Kalkulasi!$B$12,DATA_TS!$A$2:$A$20001,"<="&Kalkulasi!$B$13,DATA_TS!$B$2:$B$20001,Kalkulasi!$B$14,DATA_TS!$C$2:$C$20001,$D23)))
D24: EX-335 | E24: PC 300-8MO | F24: =SUMIFS(DATA_TS!$G$2:$G$20001,DATA_TS!$A$2:$A$20001,">="&Kalkulasi!$B$12,DATA_TS!$A$2:$A$20001,"<="&Kalkulasi!$B$13,DATA_TS!$B$2:$B$20001,Kalkulasi!$B$14,DATA_TS!$C$2:$C$20001,$D24) | G24: =SUMIFS(DATA_TS!$M$2:$M$20001,DATA_TS!$A$2:$A$20001,">="&Kalkulasi!$B$12,DATA_TS!$A$2:$A$20001,"<="&Kalkulasi!$B$13,DATA_TS!$B$2:$B$20001,Kalkulasi!$B$14,DATA_TS!$C$2:$C$20001,$D24) | H24: =SUMIFS(DATA_TS!$Q$2:$Q$20001,DATA_TS!$A$2:$A$20001,">="&Kalkulasi!$B$12,DATA_TS!$A$2:$A$20001,"<="&Kalkulasi!$B$13,DATA_TS!$B$2:$B$20001,Kalkulasi!$B$14,DATA_TS!$C$2:$C$20001,$D24) | I24: =IF(G24=0,0,H24/G24) | J24: =SUMIFS(DATA_TS!$O$2:$O$20001,DATA_TS!$A$2:$A$20001,">="&Kalkulasi!$B$12,DATA_TS!$A$2:$A$20001,"<="&Kalkulasi!$B$13,DATA_TS!$B$2:$B$20001,Kalkulasi!$B$14,DATA_TS!$C$2:$C$20001,$D24) | K24: =SUMIFS(DATA_TS!$R$2:$R$20001,DATA_TS!$A$2:$A$20001,">="&Kalkulasi!$B$12,DATA_TS!$A$2:$A$20001,"<="&Kalkulasi!$B$13,DATA_TS!$B$2:$B$20001,Kalkulasi!$B$14,DATA_TS!$C$2:$C$20001,$D24) | L24: =IFERROR(K24/SUMIFS(DATA_TS!$N$2:$N$20001,DATA_TS!$A$2:$A$20001,">="&Kalkulasi!$B$12,DATA_TS!$A$2:$A$20001,"<="&Kalkulasi!$B$13,DATA_TS!$B$2:$B$20001,Kalkulasi!$B$14,DATA_TS!$C$2:$C$20001,$D24),0) | M24: =IF(F24+SUMIFS(DATA_TS!$J$2:$J$20001,DATA_TS!$A$2:$A$20001,">="&Kalkulasi!$B$12,DATA_TS!$A$2:$A$20001,"<="&Kalkulasi!$B$13,DATA_TS!$B$2:$B$20001,Kalkulasi!$B$14,DATA_TS!$C$2:$C$20001,$D24)+SUMIFS(DATA_TS!$K$2:$K$20001,DATA_TS!$A$2:$A$20001,">="&Kalkulasi!$B$12,DATA_TS!$A$2:$A$20001,"<="&Kalkulasi!$B$13,DATA_TS!$B$2:$B$20001,Kalkulasi!$B$14,DATA_TS!$C$2:$C$20001,$D24)=0,0,(F24+SUMIFS(DATA_TS!$K$2:$K$20001,DATA_TS!$A$2:$A$20001,">="&Kalkulasi!$B$12,DATA_TS!$A$2:$A$20001,"<="&Kalkulasi!$B$13,DATA_TS!$B$2:$B$20001,Kalkulasi!$B$14,DATA_TS!$C$2:$C$20001,$D24))/(F24+SUMIFS(DATA_TS!$J$2:$J$20001,DATA_TS!$A$2:$A$20001,">="&Kalkulasi!$B$12,DATA_TS!$A$2:$A$20001,"<="&Kalkulasi!$B$13,DATA_TS!$B$2:$B$20001,Kalkulasi!$B$14,DATA_TS!$C$2:$C$20001,$D24)+SUMIFS(DATA_TS!$K$2:$K$20001,DATA_TS!$A$2:$A$20001,">="&Kalkulasi!$B$12,DATA_TS!$A$2:$A$20001,"<="&Kalkulasi!$B$13,DATA_TS!$B$2:$B$20001,Kalkulasi!$B$14,DATA_TS!$C$2:$C$20001,$D24))) | N24: =IF(F24+SUMIFS(DATA_TS!$K$2:$K$20001,DATA_TS!$A$2:$A$20001,">="&Kalkulasi!$B$12,DATA_TS!$A$2:$A$20001,"<="&Kalkulasi!$B$13,DATA_TS!$B$2:$B$20001,Kalkulasi!$B$14,DATA_TS!$C$2:$C$20001,$D24)=0,0,F24/(F24+SUMIFS(DATA_TS!$K$2:$K$20001,DATA_TS!$A$2:$A$20001,">="&Kalkulasi!$B$12,DATA_TS!$A$2:$A$20001,"<="&Kalkulasi!$B$13,DATA_TS!$B$2:$B$20001,Kalkulasi!$B$14,DATA_TS!$C$2:$C$20001,$D24)))
B25: LAINNYA | D25: EX-332 | E25: PC 300-8MO | F25: =SUMIFS(DATA_TS!$G$2:$G$20001,DATA_TS!$A$2:$A$20001,">="&Kalkulasi!$B$12,DATA_TS!$A$2:$A$20001,"<="&Kalkulasi!$B$13,DATA_TS!$B$2:$B$20001,Kalkulasi!$B$14,DATA_TS!$C$2:$C$20001,$D25) | G25: =SUMIFS(DATA_TS!$M$2:$M$20001,DATA_TS!$A$2:$A$20001,">="&Kalkulasi!$B$12,DATA_TS!$A$2:$A$20001,"<="&Kalkulasi!$B$13,DATA_TS!$B$2:$B$20001,Kalkulasi!$B$14,DATA_TS!$C$2:$C$20001,$D25) | H25: =SUMIFS(DATA_TS!$Q$2:$Q$20001,DATA_TS!$A$2:$A$20001,">="&Kalkulasi!$B$12,DATA_TS!$A$2:$A$20001,"<="&Kalkulasi!$B$13,DATA_TS!$B$2:$B$20001,Kalkulasi!$B$14,DATA_TS!$C$2:$C$20001,$D25) | I25: =IF(G25=0,0,H25/G25) | J25: =SUMIFS(DATA_TS!$O$2:$O$20001,DATA_TS!$A$2:$A$20001,">="&Kalkulasi!$B$12,DATA_TS!$A$2:$A$20001,"<="&Kalkulasi!$B$13,DATA_TS!$B$2:$B$20001,Kalkulasi!$B$14,DATA_TS!$C$2:$C$20001,$D25) | K25: =SUMIFS(DATA_TS!$R$2:$R$20001,DATA_TS!$A$2:$A$20001,">="&Kalkulasi!$B$12,DATA_TS!$A$2:$A$20001,"<="&Kalkulasi!$B$13,DATA_TS!$B$2:$B$20001,Kalkulasi!$B$14,DATA_TS!$C$2:$C$20001,$D25) | L25: =IFERROR(K25/SUMIFS(DATA_TS!$N$2:$N$20001,DATA_TS!$A$2:$A$20001,">="&Kalkulasi!$B$12,DATA_TS!$A$2:$A$20001,"<="&Kalkulasi!$B$13,DATA_TS!$B$2:$B$20001,Kalkulasi!$B$14,DATA_TS!$C$2:$C$20001,$D25),0) | M25: =IF(F25+SUMIFS(DATA_TS!$J$2:$J$20001,DATA_TS!$A$2:$A$20001,">="&Kalkulasi!$B$12,DATA_TS!$A$2:$A$20001,"<="&Kalkulasi!$B$13,DATA_TS!$B$2:$B$20001,Kalkulasi!$B$14,DATA_TS!$C$2:$C$20001,$D25)+SUMIFS(DATA_TS!$K$2:$K$20001,DATA_TS!$A$2:$A$20001,">="&Kalkulasi!$B$12,DATA_TS!$A$2:$A$20001,"<="&Kalkulasi!$B$13,DATA_TS!$B$2:$B$20001,Kalkulasi!$B$14,DATA_TS!$C$2:$C$20001,$D25)=0,0,(F25+SUMIFS(DATA_TS!$K$2:$K$20001,DATA_TS!$A$2:$A$20001,">="&Kalkulasi!$B$12,DATA_TS!$A$2:$A$20001,"<="&Kalkulasi!$B$13,DATA_TS!$B$2:$B$20001,Kalkulasi!$B$14,DATA_TS!$C$2:$C$20001,$D25))/(F25+SUMIFS(DATA_TS!$J$2:$J$20001,DATA_TS!$A$2:$A$20001,">="&Kalkulasi!$B$12,DATA_TS!$A$2:$A$20001,"<="&Kalkulasi!$B$13,DATA_TS!$B$2:$B$20001,Kalkulasi!$B$14,DATA_TS!$C$2:$C$20001,$D25)+SUMIFS(DATA_TS!$K$2:$K$20001,DATA_TS!$A$2:$A$20001,">="&Kalkulasi!$B$12,DATA_TS!$A$2:$A$20001,"<="&Kalkulasi!$B$13,DATA_TS!$B$2:$B$20001,Kalkulasi!$B$14,DATA_TS!$C$2:$C$20001,$D25))) | N25: =IF(F25+SUMIFS(DATA_TS!$K$2:$K$20001,DATA_TS!$A$2:$A$20001,">="&Kalkulasi!$B$12,DATA_TS!$A$2:$A$20001,"<="&Kalkulasi!$B$13,DATA_TS!$B$2:$B$20001,Kalkulasi!$B$14,DATA_TS!$C$2:$C$20001,$D25)=0,0,F25/(F25+SUMIFS(DATA_TS!$K$2:$K$20001,DATA_TS!$A$2:$A$20001,">="&Kalkulasi!$B$12,DATA_TS!$A$2:$A$20001,"<="&Kalkulasi!$B$13,DATA_TS!$B$2:$B$20001,Kalkulasi!$B$14,DATA_TS!$C$2:$C$20001,$D25)))
B26: =HYPERLINK("#Panduan!A1"," Panduan") | D26: EX-222 | E26: PC 200-8MI | F26: =SUMIFS(DATA_TS!$G$2:$G$20001,DATA_TS!$A$2:$A$20001,">="&Kalkulasi!$B$12,DATA_TS!$A$2:$A$20001,"<="&Kalkulasi!$B$13,DATA_TS!$B$2:$B$20001,Kalkulasi!$B$14,DATA_TS!$C$2:$C$20001,$D26) | G26: =SUMIFS(DATA_TS!$M$2:$M$20001,DATA_TS!$A$2:$A$20001,">="&Kalkulasi!$B$12,DATA_TS!$A$2:$A$20001,"<="&Kalkulasi!$B$13,DATA_TS!$B$2:$B$20001,Kalkulasi!$B$14,DATA_TS!$C$2:$C$20001,$D26) | H26: =SUMIFS(DATA_TS!$Q$2:$Q$20001,DATA_TS!$A$2:$A$20001,">="&Kalkulasi!$B$12,DATA_TS!$A$2:$A$20001,"<="&Kalkulasi!$B$13,DATA_TS!$B$2:$B$20001,Kalkulasi!$B$14,DATA_TS!$C$2:$C$20001,$D26) | I26: =IF(G26=0,0,H26/G26) | J26: =SUMIFS(DATA_TS!$O$2:$O$20001,DATA_TS!$A$2:$A$20001,">="&Kalkulasi!$B$12,DATA_TS!$A$2:$A$20001,"<="&Kalkulasi!$B$13,DATA_TS!$B$2:$B$20001,Kalkulasi!$B$14,DATA_TS!$C$2:$C$20001,$D26) | K26: =SUMIFS(DATA_TS!$R$2:$R$20001,DATA_TS!$A$2:$A$20001,">="&Kalkulasi!$B$12,DATA_TS!$A$2:$A$20001,"<="&Kalkulasi!$B$13,DATA_TS!$B$2:$B$20001,Kalkulasi!$B$14,DATA_TS!$C$2:$C$20001,$D26) | L26: =IFERROR(K26/SUMIFS(DATA_TS!$N$2:$N$20001,DATA_TS!$A$2:$A$20001,">="&Kalkulasi!$B$12,DATA_TS!$A$2:$A$20001,"<="&Kalkulasi!$B$13,DATA_TS!$B$2:$B$20001,Kalkulasi!$B$14,DATA_TS!$C$2:$C$20001,$D26),0) | M26: =IF(F26+SUMIFS(DATA_TS!$J$2:$J$20001,DATA_TS!$A$2:$A$20001,">="&Kalkulasi!$B$12,DATA_TS!$A$2:$A$20001,"<="&Kalkulasi!$B$13,DATA_TS!$B$2:$B$20001,Kalkulasi!$B$14,DATA_TS!$C$2:$C$20001,$D26)+SUMIFS(DATA_TS!$K$2:$K$20001,DATA_TS!$A$2:$A$20001,">="&Kalkulasi!$B$12,DATA_TS!$A$2:$A$20001,"<="&Kalkulasi!$B$13,DATA_TS!$B$2:$B$20001,Kalkulasi!$B$14,DATA_TS!$C$2:$C$20001,$D26)=0,0,(F26+SUMIFS(DATA_TS!$K$2:$K$20001,DATA_TS!$A$2:$A$20001,">="&Kalkulasi!$B$12,DATA_TS!$A$2:$A$20001,"<="&Kalkulasi!$B$13,DATA_TS!$B$2:$B$20001,Kalkulasi!$B$14,DATA_TS!$C$2:$C$20001,$D26))/(F26+SUMIFS(DATA_TS!$J$2:$J$20001,DATA_TS!$A$2:$A$20001,">="&Kalkulasi!$B$12,DATA_TS!$A$2:$A$20001,"<="&Kalkulasi!$B$13,DATA_TS!$B$2:$B$20001,Kalkulasi!$B$14,DATA_TS!$C$2:$C$20001,$D26)+SUMIFS(DATA_TS!$K$2:$K$20001,DATA_TS!$A$2:$A$20001,">="&Kalkulasi!$B$12,DATA_TS!$A$2:$A$20001,"<="&Kalkulasi!$B$13,DATA_TS!$B$2:$B$20001,Kalkulasi!$B$14,DATA_TS!$C$2:$C$20001,$D26))) | N26: =IF(F26+SUMIFS(DATA_TS!$K$2:$K$20001,DATA_TS!$A$2:$A$20001,">="&Kalkulasi!$B$12,DATA_TS!$A$2:$A$20001,"<="&Kalkulasi!$B$13,DATA_TS!$B$2:$B$20001,Kalkulasi!$B$14,DATA_TS!$C$2:$C$20001,$D26)=0,0,F26/(F26+SUMIFS(DATA_TS!$K$2:$K$20001,DATA_TS!$A$2:$A$20001,">="&Kalkulasi!$B$12,DATA_TS!$A$2:$A$20001,"<="&Kalkulasi!$B$13,DATA_TS!$B$2:$B$20001,Kalkulasi!$B$14,DATA_TS!$C$2:$C$20001,$D26)))
B27: =HYPERLINK("#Parameter!A1"," Target & parameter") | D27: EX-223 | E27: PC 200-8MI | F27: =SUMIFS(DATA_TS!$G$2:$G$20001,DATA_TS!$A$2:$A$20001,">="&Kalkulasi!$B$12,DATA_TS!$A$2:$A$20001,"<="&Kalkulasi!$B$13,DATA_TS!$B$2:$B$20001,Kalkulasi!$B$14,DATA_TS!$C$2:$C$20001,$D27) | G27: =SUMIFS(DATA_TS!$M$2:$M$20001,DATA_TS!$A$2:$A$20001,">="&Kalkulasi!$B$12,DATA_TS!$A$2:$A$20001,"<="&Kalkulasi!$B$13,DATA_TS!$B$2:$B$20001,Kalkulasi!$B$14,DATA_TS!$C$2:$C$20001,$D27) | H27: =SUMIFS(DATA_TS!$Q$2:$Q$20001,DATA_TS!$A$2:$A$20001,">="&Kalkulasi!$B$12,DATA_TS!$A$2:$A$20001,"<="&Kalkulasi!$B$13,DATA_TS!$B$2:$B$20001,Kalkulasi!$B$14,DATA_TS!$C$2:$C$20001,$D27) | I27: =IF(G27=0,0,H27/G27) | J27: =SUMIFS(DATA_TS!$O$2:$O$20001,DATA_TS!$A$2:$A$20001,">="&Kalkulasi!$B$12,DATA_TS!$A$2:$A$20001,"<="&Kalkulasi!$B$13,DATA_TS!$B$2:$B$20001,Kalkulasi!$B$14,DATA_TS!$C$2:$C$20001,$D27) | K27: =SUMIFS(DATA_TS!$R$2:$R$20001,DATA_TS!$A$2:$A$20001,">="&Kalkulasi!$B$12,DATA_TS!$A$2:$A$20001,"<="&Kalkulasi!$B$13,DATA_TS!$B$2:$B$20001,Kalkulasi!$B$14,DATA_TS!$C$2:$C$20001,$D27) | L27: =IFERROR(K27/SUMIFS(DATA_TS!$N$2:$N$20001,DATA_TS!$A$2:$A$20001,">="&Kalkulasi!$B$12,DATA_TS!$A$2:$A$20001,"<="&Kalkulasi!$B$13,DATA_TS!$B$2:$B$20001,Kalkulasi!$B$14,DATA_TS!$C$2:$C$20001,$D27),0) | M27: =IF(F27+SUMIFS(DATA_TS!$J$2:$J$20001,DATA_TS!$A$2:$A$20001,">="&Kalkulasi!$B$12,DATA_TS!$A$2:$A$20001,"<="&Kalkulasi!$B$13,DATA_TS!$B$2:$B$20001,Kalkulasi!$B$14,DATA_TS!$C$2:$C$20001,$D27)+SUMIFS(DATA_TS!$K$2:$K$20001,DATA_TS!$A$2:$A$20001,">="&Kalkulasi!$B$12,DATA_TS!$A$2:$A$20001,"<="&Kalkulasi!$B$13,DATA_TS!$B$2:$B$20001,Kalkulasi!$B$14,DATA_TS!$C$2:$C$20001,$D27)=0,0,(F27+SUMIFS(DATA_TS!$K$2:$K$20001,DATA_TS!$A$2:$A$20001,">="&Kalkulasi!$B$12,DATA_TS!$A$2:$A$20001,"<="&Kalkulasi!$B$13,DATA_TS!$B$2:$B$20001,Kalkulasi!$B$14,DATA_TS!$C$2:$C$20001,$D27))/(F27+SUMIFS(DATA_TS!$J$2:$J$20001,DATA_TS!$A$2:$A$20001,">="&Kalkulasi!$B$12,DATA_TS!$A$2:$A$20001,"<="&Kalkulasi!$B$13,DATA_TS!$B$2:$B$20001,Kalkulasi!$B$14,DATA_TS!$C$2:$C$20001,$D27)+SUMIFS(DATA_TS!$K$2:$K$20001,DATA_TS!$A$2:$A$20001,">="&Kalkulasi!$B$12,DATA_TS!$A$2:$A$20001,"<="&Kalkulasi!$B$13,DATA_TS!$B$2:$B$20001,Kalkulasi!$B$14,DATA_TS!$C$2:$C$20001,$D27))) | N27: =IF(F27+SUMIFS(DATA_TS!$K$2:$K$20001,DATA_TS!$A$2:$A$20001,">="&Kalkulasi!$B$12,DATA_TS!$A$2:$A$20001,"<="&Kalkulasi!$B$13,DATA_TS!$B$2:$B$20001,Kalkulasi!$B$14,DATA_TS!$C$2:$C$20001,$D27)=0,0,F27/(F27+SUMIFS(DATA_TS!$K$2:$K$20001,DATA_TS!$A$2:$A$20001,">="&Kalkulasi!$B$12,DATA_TS!$A$2:$A$20001,"<="&Kalkulasi!$B$13,DATA_TS!$B$2:$B$20001,Kalkulasi!$B$14,DATA_TS!$C$2:$C$20001,$D27)))
B28: =HYPERLINK("#MASTER_JAM!A1"," Faktor, target & MF") | D28: EX-221 | E28: PC 200-8MI | F28: =SUMIFS(DATA_TS!$G$2:$G$20001,DATA_TS!$A$2:$A$20001,">="&Kalkulasi!$B$12,DATA_TS!$A$2:$A$20001,"<="&Kalkulasi!$B$13,DATA_TS!$B$2:$B$20001,Kalkulasi!$B$14,DATA_TS!$C$2:$C$20001,$D28) | G28: =SUMIFS(DATA_TS!$M$2:$M$20001,DATA_TS!$A$2:$A$20001,">="&Kalkulasi!$B$12,DATA_TS!$A$2:$A$20001,"<="&Kalkulasi!$B$13,DATA_TS!$B$2:$B$20001,Kalkulasi!$B$14,DATA_TS!$C$2:$C$20001,$D28) | H28: =SUMIFS(DATA_TS!$Q$2:$Q$20001,DATA_TS!$A$2:$A$20001,">="&Kalkulasi!$B$12,DATA_TS!$A$2:$A$20001,"<="&Kalkulasi!$B$13,DATA_TS!$B$2:$B$20001,Kalkulasi!$B$14,DATA_TS!$C$2:$C$20001,$D28) | I28: =IF(G28=0,0,H28/G28) | J28: =SUMIFS(DATA_TS!$O$2:$O$20001,DATA_TS!$A$2:$A$20001,">="&Kalkulasi!$B$12,DATA_TS!$A$2:$A$20001,"<="&Kalkulasi!$B$13,DATA_TS!$B$2:$B$20001,Kalkulasi!$B$14,DATA_TS!$C$2:$C$20001,$D28) | K28: =SUMIFS(DATA_TS!$R$2:$R$20001,DATA_TS!$A$2:$A$20001,">="&Kalkulasi!$B$12,DATA_TS!$A$2:$A$20001,"<="&Kalkulasi!$B$13,DATA_TS!$B$2:$B$20001,Kalkulasi!$B$14,DATA_TS!$C$2:$C$20001,$D28) | L28: =IFERROR(K28/SUMIFS(DATA_TS!$N$2:$N$20001,DATA_TS!$A$2:$A$20001,">="&Kalkulasi!$B$12,DATA_TS!$A$2:$A$20001,"<="&Kalkulasi!$B$13,DATA_TS!$B$2:$B$20001,Kalkulasi!$B$14,DATA_TS!$C$2:$C$20001,$D28),0) | M28: =IF(F28+SUMIFS(DATA_TS!$J$2:$J$20001,DATA_TS!$A$2:$A$20001,">="&Kalkulasi!$B$12,DATA_TS!$A$2:$A$20001,"<="&Kalkulasi!$B$13,DATA_TS!$B$2:$B$20001,Kalkulasi!$B$14,DATA_TS!$C$2:$C$20001,$D28)+SUMIFS(DATA_TS!$K$2:$K$20001,DATA_TS!$A$2:$A$20001,">="&Kalkulasi!$B$12,DATA_TS!$A$2:$A$20001,"<="&Kalkulasi!$B$13,DATA_TS!$B$2:$B$20001,Kalkulasi!$B$14,DATA_TS!$C$2:$C$20001,$D28)=0,0,(F28+SUMIFS(DATA_TS!$K$2:$K$20001,DATA_TS!$A$2:$A$20001,">="&Kalkulasi!$B$12,DATA_TS!$A$2:$A$20001,"<="&Kalkulasi!$B$13,DATA_TS!$B$2:$B$20001,Kalkulasi!$B$14,DATA_TS!$C$2:$C$20001,$D28))/(F28+SUMIFS(DATA_TS!$J$2:$J$20001,DATA_TS!$A$2:$A$20001,">="&Kalkulasi!$B$12,DATA_TS!$A$2:$A$20001,"<="&Kalkulasi!$B$13,DATA_TS!$B$2:$B$20001,Kalkulasi!$B$14,DATA_TS!$C$2:$C$20001,$D28)+SUMIFS(DATA_TS!$K$2:$K$20001,DATA_TS!$A$2:$A$20001,">="&Kalkulasi!$B$12,DATA_TS!$A$2:$A$20001,"<="&Kalkulasi!$B$13,DATA_TS!$B$2:$B$20001,Kalkulasi!$B$14,DATA_TS!$C$2:$C$20001,$D28))) | N28: =IF(F28+SUMIFS(DATA_TS!$K$2:$K$20001,DATA_TS!$A$2:$A$20001,">="&Kalkulasi!$B$12,DATA_TS!$A$2:$A$20001,"<="&Kalkulasi!$B$13,DATA_TS!$B$2:$B$20001,Kalkulasi!$B$14,DATA_TS!$C$2:$C$20001,$D28)=0,0,F28/(F28+SUMIFS(DATA_TS!$K$2:$K$20001,DATA_TS!$A$2:$A$20001,">="&Kalkulasi!$B$12,DATA_TS!$A$2:$A$20001,"<="&Kalkulasi!$B$13,DATA_TS!$B$2:$B$20001,Kalkulasi!$B$14,DATA_TS!$C$2:$C$20001,$D28)))
D29: EX-225 | E29: PC 200-8 | F29: =SUMIFS(DATA_TS!$G$2:$G$20001,DATA_TS!$A$2:$A$20001,">="&Kalkulasi!$B$12,DATA_TS!$A$2:$A$20001,"<="&Kalkulasi!$B$13,DATA_TS!$B$2:$B$20001,Kalkulasi!$B$14,DATA_TS!$C$2:$C$20001,$D29) | G29: =SUMIFS(DATA_TS!$M$2:$M$20001,DATA_TS!$A$2:$A$20001,">="&Kalkulasi!$B$12,DATA_TS!$A$2:$A$20001,"<="&Kalkulasi!$B$13,DATA_TS!$B$2:$B$20001,Kalkulasi!$B$14,DATA_TS!$C$2:$C$20001,$D29) | H29: =SUMIFS(DATA_TS!$Q$2:$Q$20001,DATA_TS!$A$2:$A$20001,">="&Kalkulasi!$B$12,DATA_TS!$A$2:$A$20001,"<="&Kalkulasi!$B$13,DATA_TS!$B$2:$B$20001,Kalkulasi!$B$14,DATA_TS!$C$2:$C$20001,$D29) | I29: =IF(G29=0,0,H29/G29) | J29: =SUMIFS(DATA_TS!$O$2:$O$20001,DATA_TS!$A$2:$A$20001,">="&Kalkulasi!$B$12,DATA_TS!$A$2:$A$20001,"<="&Kalkulasi!$B$13,DATA_TS!$B$2:$B$20001,Kalkulasi!$B$14,DATA_TS!$C$2:$C$20001,$D29) | K29: =SUMIFS(DATA_TS!$R$2:$R$20001,DATA_TS!$A$2:$A$20001,">="&Kalkulasi!$B$12,DATA_TS!$A$2:$A$20001,"<="&Kalkulasi!$B$13,DATA_TS!$B$2:$B$20001,Kalkulasi!$B$14,DATA_TS!$C$2:$C$20001,$D29) | L29: =IFERROR(K29/SUMIFS(DATA_TS!$N$2:$N$20001,DATA_TS!$A$2:$A$20001,">="&Kalkulasi!$B$12,DATA_TS!$A$2:$A$20001,"<="&Kalkulasi!$B$13,DATA_TS!$B$2:$B$20001,Kalkulasi!$B$14,DATA_TS!$C$2:$C$20001,$D29),0) | M29: =IF(F29+SUMIFS(DATA_TS!$J$2:$J$20001,DATA_TS!$A$2:$A$20001,">="&Kalkulasi!$B$12,DATA_TS!$A$2:$A$20001,"<="&Kalkulasi!$B$13,DATA_TS!$B$2:$B$20001,Kalkulasi!$B$14,DATA_TS!$C$2:$C$20001,$D29)+SUMIFS(DATA_TS!$K$2:$K$20001,DATA_TS!$A$2:$A$20001,">="&Kalkulasi!$B$12,DATA_TS!$A$2:$A$20001,"<="&Kalkulasi!$B$13,DATA_TS!$B$2:$B$20001,Kalkulasi!$B$14,DATA_TS!$C$2:$C$20001,$D29)=0,0,(F29+SUMIFS(DATA_TS!$K$2:$K$20001,DATA_TS!$A$2:$A$20001,">="&Kalkulasi!$B$12,DATA_TS!$A$2:$A$20001,"<="&Kalkulasi!$B$13,DATA_TS!$B$2:$B$20001,Kalkulasi!$B$14,DATA_TS!$C$2:$C$20001,$D29))/(F29+SUMIFS(DATA_TS!$J$2:$J$20001,DATA_TS!$A$2:$A$20001,">="&Kalkulasi!$B$12,DATA_TS!$A$2:$A$20001,"<="&Kalkulasi!$B$13,DATA_TS!$B$2:$B$20001,Kalkulasi!$B$14,DATA_TS!$C$2:$C$20001,$D29)+SUMIFS(DATA_TS!$K$2:$K$20001,DATA_TS!$A$2:$A$20001,">="&Kalkulasi!$B$12,DATA_TS!$A$2:$A$20001,"<="&Kalkulasi!$B$13,DATA_TS!$B$2:$B$20001,Kalkulasi!$B$14,DATA_TS!$C$2:$C$20001,$D29))) | N29: =IF(F29+SUMIFS(DATA_TS!$K$2:$K$20001,DATA_TS!$A$2:$A$20001,">="&Kalkulasi!$B$12,DATA_TS!$A$2:$A$20001,"<="&Kalkulasi!$B$13,DATA_TS!$B$2:$B$20001,Kalkulasi!$B$14,DATA_TS!$C$2:$C$20001,$D29)=0,0,F29/(F29+SUMIFS(DATA_TS!$K$2:$K$20001,DATA_TS!$A$2:$A$20001,">="&Kalkulasi!$B$12,DATA_TS!$A$2:$A$20001,"<="&Kalkulasi!$B$13,DATA_TS!$B$2:$B$20001,Kalkulasi!$B$14,DATA_TS!$C$2:$C$20001,$D29)))
D30: EX-331 | E30: PC 300-8MO | F30: =SUMIFS(DATA_TS!$G$2:$G$20001,DATA_TS!$A$2:$A$20001,">="&Kalkulasi!$B$12,DATA_TS!$A$2:$A$20001,"<="&Kalkulasi!$B$13,DATA_TS!$B$2:$B$20001,Kalkulasi!$B$14,DATA_TS!$C$2:$C$20001,$D30) | G30: =SUMIFS(DATA_TS!$M$2:$M$20001,DATA_TS!$A$2:$A$20001,">="&Kalkulasi!$B$12,DATA_TS!$A$2:$A$20001,"<="&Kalkulasi!$B$13,DATA_TS!$B$2:$B$20001,Kalkulasi!$B$14,DATA_TS!$C$2:$C$20001,$D30) | H30: =SUMIFS(DATA_TS!$Q$2:$Q$20001,DATA_TS!$A$2:$A$20001,">="&Kalkulasi!$B$12,DATA_TS!$A$2:$A$20001,"<="&Kalkulasi!$B$13,DATA_TS!$B$2:$B$20001,Kalkulasi!$B$14,DATA_TS!$C$2:$C$20001,$D30) | I30: =IF(G30=0,0,H30/G30) | J30: =SUMIFS(DATA_TS!$O$2:$O$20001,DATA_TS!$A$2:$A$20001,">="&Kalkulasi!$B$12,DATA_TS!$A$2:$A$20001,"<="&Kalkulasi!$B$13,DATA_TS!$B$2:$B$20001,Kalkulasi!$B$14,DATA_TS!$C$2:$C$20001,$D30) | K30: =SUMIFS(DATA_TS!$R$2:$R$20001,DATA_TS!$A$2:$A$20001,">="&Kalkulasi!$B$12,DATA_TS!$A$2:$A$20001,"<="&Kalkulasi!$B$13,DATA_TS!$B$2:$B$20001,Kalkulasi!$B$14,DATA_TS!$C$2:$C$20001,$D30) | L30: =IFERROR(K30/SUMIFS(DATA_TS!$N$2:$N$20001,DATA_TS!$A$2:$A$20001,">="&Kalkulasi!$B$12,DATA_TS!$A$2:$A$20001,"<="&Kalkulasi!$B$13,DATA_TS!$B$2:$B$20001,Kalkulasi!$B$14,DATA_TS!$C$2:$C$20001,$D30),0) | M30: =IF(F30+SUMIFS(DATA_TS!$J$2:$J$20001,DATA_TS!$A$2:$A$20001,">="&Kalkulasi!$B$12,DATA_TS!$A$2:$A$20001,"<="&Kalkulasi!$B$13,DATA_TS!$B$2:$B$20001,Kalkulasi!$B$14,DATA_TS!$C$2:$C$20001,$D30)+SUMIFS(DATA_TS!$K$2:$K$20001,DATA_TS!$A$2:$A$20001,">="&Kalkulasi!$B$12,DATA_TS!$A$2:$A$20001,"<="&Kalkulasi!$B$13,DATA_TS!$B$2:$B$20001,Kalkulasi!$B$14,DATA_TS!$C$2:$C$20001,$D30)=0,0,(F30+SUMIFS(DATA_TS!$K$2:$K$20001,DATA_TS!$A$2:$A$20001,">="&Kalkulasi!$B$12,DATA_TS!$A$2:$A$20001,"<="&Kalkulasi!$B$13,DATA_TS!$B$2:$B$20001,Kalkulasi!$B$14,DATA_TS!$C$2:$C$20001,$D30))/(F30+SUMIFS(DATA_TS!$J$2:$J$20001,DATA_TS!$A$2:$A$20001,">="&Kalkulasi!$B$12,DATA_TS!$A$2:$A$20001,"<="&Kalkulasi!$B$13,DATA_TS!$B$2:$B$20001,Kalkulasi!$B$14,DATA_TS!$C$2:$C$20001,$D30)+SUMIFS(DATA_TS!$K$2:$K$20001,DATA_TS!$A$2:$A$20001,">="&Kalkulasi!$B$12,DATA_TS!$A$2:$A$20001,"<="&Kalkulasi!$B$13,DATA_TS!$B$2:$B$20001,Kalkulasi!$B$14,DATA_TS!$C$2:$C$20001,$D30))) | N30: =IF(F30+SUMIFS(DATA_TS!$K$2:$K$20001,DATA_TS!$A$2:$A$20001,">="&Kalkulasi!$B$12,DATA_TS!$A$2:$A$20001,"<="&Kalkulasi!$B$13,DATA_TS!$B$2:$B$20001,Kalkulasi!$B$14,DATA_TS!$C$2:$C$20001,$D30)=0,0,F30/(F30+SUMIFS(DATA_TS!$K$2:$K$20001,DATA_TS!$A$2:$A$20001,">="&Kalkulasi!$B$12,DATA_TS!$A$2:$A$20001,"<="&Kalkulasi!$B$13,DATA_TS!$B$2:$B$20001,Kalkulasi!$B$14,DATA_TS!$C$2:$C$20001,$D30)))
D31: EX-751 | E31: SY750H-PRO | F31: =SUMIFS(DATA_TS!$G$2:$G$20001,DATA_TS!$A$2:$A$20001,">="&Kalkulasi!$B$12,DATA_TS!$A$2:$A$20001,"<="&Kalkulasi!$B$13,DATA_TS!$B$2:$B$20001,Kalkulasi!$B$14,DATA_TS!$C$2:$C$20001,$D31) | G31: =SUMIFS(DATA_TS!$M$2:$M$20001,DATA_TS!$A$2:$A$20001,">="&Kalkulasi!$B$12,DATA_TS!$A$2:$A$20001,"<="&Kalkulasi!$B$13,DATA_TS!$B$2:$B$20001,Kalkulasi!$B$14,DATA_TS!$C$2:$C$20001,$D31) | H31: =SUMIFS(DATA_TS!$Q$2:$Q$20001,DATA_TS!$A$2:$A$20001,">="&Kalkulasi!$B$12,DATA_TS!$A$2:$A$20001,"<="&Kalkulasi!$B$13,DATA_TS!$B$2:$B$20001,Kalkulasi!$B$14,DATA_TS!$C$2:$C$20001,$D31) | I31: =IF(G31=0,0,H31/G31) | J31: =SUMIFS(DATA_TS!$O$2:$O$20001,DATA_TS!$A$2:$A$20001,">="&Kalkulasi!$B$12,DATA_TS!$A$2:$A$20001,"<="&Kalkulasi!$B$13,DATA_TS!$B$2:$B$20001,Kalkulasi!$B$14,DATA_TS!$C$2:$C$20001,$D31) | K31: =SUMIFS(DATA_TS!$R$2:$R$20001,DATA_TS!$A$2:$A$20001,">="&Kalkulasi!$B$12,DATA_TS!$A$2:$A$20001,"<="&Kalkulasi!$B$13,DATA_TS!$B$2:$B$20001,Kalkulasi!$B$14,DATA_TS!$C$2:$C$20001,$D31) | L31: =IFERROR(K31/SUMIFS(DATA_TS!$N$2:$N$20001,DATA_TS!$A$2:$A$20001,">="&Kalkulasi!$B$12,DATA_TS!$A$2:$A$20001,"<="&Kalkulasi!$B$13,DATA_TS!$B$2:$B$20001,Kalkulasi!$B$14,DATA_TS!$C$2:$C$20001,$D31),0) | M31: =IF(F31+SUMIFS(DATA_TS!$J$2:$J$20001,DATA_TS!$A$2:$A$20001,">="&Kalkulasi!$B$12,DATA_TS!$A$2:$A$20001,"<="&Kalkulasi!$B$13,DATA_TS!$B$2:$B$20001,Kalkulasi!$B$14,DATA_TS!$C$2:$C$20001,$D31)+SUMIFS(DATA_TS!$K$2:$K$20001,DATA_TS!$A$2:$A$20001,">="&Kalkulasi!$B$12,DATA_TS!$A$2:$A$20001,"<="&Kalkulasi!$B$13,DATA_TS!$B$2:$B$20001,Kalkulasi!$B$14,DATA_TS!$C$2:$C$20001,$D31)=0,0,(F31+SUMIFS(DATA_TS!$K$2:$K$20001,DATA_TS!$A$2:$A$20001,">="&Kalkulasi!$B$12,DATA_TS!$A$2:$A$20001,"<="&Kalkulasi!$B$13,DATA_TS!$B$2:$B$20001,Kalkulasi!$B$14,DATA_TS!$C$2:$C$20001,$D31))/(F31+SUMIFS(DATA_TS!$J$2:$J$20001,DATA_TS!$A$2:$A$20001,">="&Kalkulasi!$B$12,DATA_TS!$A$2:$A$20001,"<="&Kalkulasi!$B$13,DATA_TS!$B$2:$B$20001,Kalkulasi!$B$14,DATA_TS!$C$2:$C$20001,$D31)+SUMIFS(DATA_TS!$K$2:$K$20001,DATA_TS!$A$2:$A$20001,">="&Kalkulasi!$B$12,DATA_TS!$A$2:$A$20001,"<="&Kalkulasi!$B$13,DATA_TS!$B$2:$B$20001,Kalkulasi!$B$14,DATA_TS!$C$2:$C$20001,$D31))) | N31: =IF(F31+SUMIFS(DATA_TS!$K$2:$K$20001,DATA_TS!$A$2:$A$20001,">="&Kalkulasi!$B$12,DATA_TS!$A$2:$A$20001,"<="&Kalkulasi!$B$13,DATA_TS!$B$2:$B$20001,Kalkulasi!$B$14,DATA_TS!$C$2:$C$20001,$D31)=0,0,F31/(F31+SUMIFS(DATA_TS!$K$2:$K$20001,DATA_TS!$A$2:$A$20001,">="&Kalkulasi!$B$12,DATA_TS!$A$2:$A$20001,"<="&Kalkulasi!$B$13,DATA_TS!$B$2:$B$20001,Kalkulasi!$B$14,DATA_TS!$C$2:$C$20001,$D31)))
D32: EX-752 | E32: SY750H-PRO | F32: =SUMIFS(DATA_TS!$G$2:$G$20001,DATA_TS!$A$2:$A$20001,">="&Kalkulasi!$B$12,DATA_TS!$A$2:$A$20001,"<="&Kalkulasi!$B$13,DATA_TS!$B$2:$B$20001,Kalkulasi!$B$14,DATA_TS!$C$2:$C$20001,$D32) | G32: =SUMIFS(DATA_TS!$M$2:$M$20001,DATA_TS!$A$2:$A$20001,">="&Kalkulasi!$B$12,DATA_TS!$A$2:$A$20001,"<="&Kalkulasi!$B$13,DATA_TS!$B$2:$B$20001,Kalkulasi!$B$14,DATA_TS!$C$2:$C$20001,$D32) | H32: =SUMIFS(DATA_TS!$Q$2:$Q$20001,DATA_TS!$A$2:$A$20001,">="&Kalkulasi!$B$12,DATA_TS!$A$2:$A$20001,"<="&Kalkulasi!$B$13,DATA_TS!$B$2:$B$20001,Kalkulasi!$B$14,DATA_TS!$C$2:$C$20001,$D32) | I32: =IF(G32=0,0,H32/G32) | J32: =SUMIFS(DATA_TS!$O$2:$O$20001,DATA_TS!$A$2:$A$20001,">="&Kalkulasi!$B$12,DATA_TS!$A$2:$A$20001,"<="&Kalkulasi!$B$13,DATA_TS!$B$2:$B$20001,Kalkulasi!$B$14,DATA_TS!$C$2:$C$20001,$D32) | K32: =SUMIFS(DATA_TS!$R$2:$R$20001,DATA_TS!$A$2:$A$20001,">="&Kalkulasi!$B$12,DATA_TS!$A$2:$A$20001,"<="&Kalkulasi!$B$13,DATA_TS!$B$2:$B$20001,Kalkulasi!$B$14,DATA_TS!$C$2:$C$20001,$D32) | L32: =IFERROR(K32/SUMIFS(DATA_TS!$N$2:$N$20001,DATA_TS!$A$2:$A$20001,">="&Kalkulasi!$B$12,DATA_TS!$A$2:$A$20001,"<="&Kalkulasi!$B$13,DATA_TS!$B$2:$B$20001,Kalkulasi!$B$14,DATA_TS!$C$2:$C$20001,$D32),0) | M32: =IF(F32+SUMIFS(DATA_TS!$J$2:$J$20001,DATA_TS!$A$2:$A$20001,">="&Kalkulasi!$B$12,DATA_TS!$A$2:$A$20001,"<="&Kalkulasi!$B$13,DATA_TS!$B$2:$B$20001,Kalkulasi!$B$14,DATA_TS!$C$2:$C$20001,$D32)+SUMIFS(DATA_TS!$K$2:$K$20001,DATA_TS!$A$2:$A$20001,">="&Kalkulasi!$B$12,DATA_TS!$A$2:$A$20001,"<="&Kalkulasi!$B$13,DATA_TS!$B$2:$B$20001,Kalkulasi!$B$14,DATA_TS!$C$2:$C$20001,$D32)=0,0,(F32+SUMIFS(DATA_TS!$K$2:$K$20001,DATA_TS!$A$2:$A$20001,">="&Kalkulasi!$B$12,DATA_TS!$A$2:$A$20001,"<="&Kalkulasi!$B$13,DATA_TS!$B$2:$B$20001,Kalkulasi!$B$14,DATA_TS!$C$2:$C$20001,$D32))/(F32+SUMIFS(DATA_TS!$J$2:$J$20001,DATA_TS!$A$2:$A$20001,">="&Kalkulasi!$B$12,DATA_TS!$A$2:$A$20001,"<="&Kalkulasi!$B$13,DATA_TS!$B$2:$B$20001,Kalkulasi!$B$14,DATA_TS!$C$2:$C$20001,$D32)+SUMIFS(DATA_TS!$K$2:$K$20001,DATA_TS!$A$2:$A$20001,">="&Kalkulasi!$B$12,DATA_TS!$A$2:$A$20001,"<="&Kalkulasi!$B$13,DATA_TS!$B$2:$B$20001,Kalkulasi!$B$14,DATA_TS!$C$2:$C$20001,$D32))) | N32: =IF(F32+SUMIFS(DATA_TS!$K$2:$K$20001,DATA_TS!$A$2:$A$20001,">="&Kalkulasi!$B$12,DATA_TS!$A$2:$A$20001,"<="&Kalkulasi!$B$13,DATA_TS!$B$2:$B$20001,Kalkulasi!$B$14,DATA_TS!$C$2:$C$20001,$D32)=0,0,F32/(F32+SUMIFS(DATA_TS!$K$2:$K$20001,DATA_TS!$A$2:$A$20001,">="&Kalkulasi!$B$12,DATA_TS!$A$2:$A$20001,"<="&Kalkulasi!$B$13,DATA_TS!$B$2:$B$20001,Kalkulasi!$B$14,DATA_TS!$C$2:$C$20001,$D32)))
B33: Data dummy · Coal Project
B34: Simulasi unit per shift,
B35: Maret 2026. Bukan data | D35: ="Tren harian "&IF($O$6="Semua","semua digger",$O$6) | U35: batang = produksi OB (BCM) · garis = PTY OB (BCM/jam)
B36: perusahaan mana pun.
B38: Muhammad Rifqi Rizqullah
B39: Mine Operations Control

Sheet Availability
B2: PIT CONTROL | D2: Mine Ops Board / Availability Unit
B3: MINE OPS BOARD | D3: Availability Unit
D4: PA = (HM+Idle)/(HM+Idle+BD) · UA = HM/(HM+Idle) · definisi timesheet site
B5: BOARD
B6: =HYPERLINK("#Produksi!A1"," Produksi") | E6: Dari | F6: 46082 | H6: Sampai | I6: 46110 | K6: Shift | L6: Semua | N6: Class | O6: Semua | Q6: Unit | R6: Semua
B7: =HYPERLINK("#Digger!A1"," Produktivitas Digger") | D7: =IF(Kalkulasi!$B$24=0,"⚠ Tanggal akhir harus sama atau setelah tanggal mulai","Klik sel kuning untuk memilih filter · "&Kalkulasi!$B$24&" hari dipilih")
B8: =HYPERLINK("#Availability!A1"," Availability Unit")
B9: =HYPERLINK("#'Delay & Hujan'!A1"," Delay & Hujan") | D9: PHYSICAL AVAILABILITY | G9: USE OF AVAILABILITY | J9: MECH. AVAILABILITY | M9: EFFECTIVE UTILIZATION | P9: WORKING HOURS | S9: BREAKDOWN
B10: =HYPERLINK("#Fuel!A1"," Fuel") | D10: =Kalkulasi!$B$63 | G10: =Kalkulasi!$B$64 | J10: =Kalkulasi!$B$65 | M10: =Kalkulasi!$B$66 | P10: =Kalkulasi!$B$59 | S10: =Kalkulasi!$B$60
B11: =HYPERLINK("#'Tren PTY'!A1"," Tren PTY") | D11: ="Target "&TEXT(Parameter!$C$5,"0%") | G11: ="Target "&TEXT(Parameter!$C$6,"0%") | J11: ="HM ÷ (HM + BD)" | M11: ="HM ÷ (HM + BD + Idle)" | P11: =TEXT(Kalkulasi!$B$67,"0")&" unit tercatat" | S11: =" "&TEXT(Kalkulasi!$B$68,"0%")&" tak terjadwal"
B13: PER JAM | D13: PA & UA per class | O13: % · mengikuti tanggal & shift | P13: Breakdown | U13: jam unit
B14: =HYPERLINK("#'PTY per Jam'!A1"," PTY per Jam")
B15: =HYPERLINK("#'Fleet & Delay'!A1"," Fleet & Delay")
B16: =HYPERLINK("#'Daily Report'!A1"," Daily Report")
B17: =HYPERLINK("#INPUT_RITASE!A1"," Input ritase ↗")
B18: =HYPERLINK("#INPUT_DELAY!A1"," Input delay ↗")
B20: DATA
B21: =HYPERLINK("#'Master Data'!A1"," Master Data")
B22: =HYPERLINK("#DATA_TS!A1"," Tabel timesheet ↗")
B23: =HYPERLINK("#DATA_FUEL!A1"," Tabel fuel ↗")
P24: ="Total "&TEXT(Kalkulasi!$B$60,"#,##0")&" jam BD"
B25: LAINNYA
B26: =HYPERLINK("#Panduan!A1"," Panduan") | P26: ■ | Q26: Tak terjadwal | T26: =Kalkulasi!$B$61
B27: =HYPERLINK("#Parameter!A1"," Target & parameter")
B28: =HYPERLINK("#MASTER_JAM!A1"," Faktor, target & MF") | P28: ■ | Q28: Terjadwal (servis) | T28: =Kalkulasi!$B$69
D32: Tren PA & UA harian | O32: % · unit sesuai filter · garis putus = target PA | P32: Top 10 unit breakdown | U32: jam BD
B33: Data dummy · Coal Project
B34: Simulasi unit per shift, | P34: # | Q34: Unit | R34: Class | T34: BD jam | U34: PA
B35: Maret 2026. Bukan data | P35: 1 | Q35: =IF(T35=0,"–",INDEX(LIST!$A$3:$A$112,MATCH(LARGE(LIST!$I$3:$I$112,1),LIST!$I$3:$I$112,0))) | R35: =IF(T35=0,"",INDEX(LIST!$C$3:$C$112,MATCH(LARGE(LIST!$I$3:$I$112,1),LIST!$I$3:$I$112,0))) | T35: =ROUND(INDEX(LIST!$E$3:$E$112,MATCH(LARGE(LIST!$I$3:$I$112,1),LIST!$I$3:$I$112,0)),1) | U35: =IF(T35=0,"",INDEX(LIST!$H$3:$H$112,MATCH(LARGE(LIST!$I$3:$I$112,1),LIST!$I$3:$I$112,0)))
B36: perusahaan mana pun. | P36: 2 | Q36: =IF(T36=0,"–",INDEX(LIST!$A$3:$A$112,MATCH(LARGE(LIST!$I$3:$I$112,2),LIST!$I$3:$I$112,0))) | R36: =IF(T36=0,"",INDEX(LIST!$C$3:$C$112,MATCH(LARGE(LIST!$I$3:$I$112,2),LIST!$I$3:$I$112,0))) | T36: =ROUND(INDEX(LIST!$E$3:$E$112,MATCH(LARGE(LIST!$I$3:$I$112,2),LIST!$I$3:$I$112,0)),1) | U36: =IF(T36=0,"",INDEX(LIST!$H$3:$H$112,MATCH(LARGE(LIST!$I$3:$I$112,2),LIST!$I$3:$I$112,0)))
P37: 3 | Q37: =IF(T37=0,"–",INDEX(LIST!$A$3:$A$112,MATCH(LARGE(LIST!$I$3:$I$112,3),LIST!$I$3:$I$112,0))) | R37: =IF(T37=0,"",INDEX(LIST!$C$3:$C$112,MATCH(LARGE(LIST!$I$3:$I$112,3),LIST!$I$3:$I$112,0))) | T37: =ROUND(INDEX(LIST!$E$3:$E$112,MATCH(LARGE(LIST!$I$3:$I$112,3),LIST!$I$3:$I$112,0)),1) | U37: =IF(T37=0,"",INDEX(LIST!$H$3:$H$112,MATCH(LARGE(LIST!$I$3:$I$112,3),LIST!$I$3:$I$112,0)))
B38: Muhammad Rifqi Rizqullah | P38: 4 | Q38: =IF(T38=0,"–",INDEX(LIST!$A$3:$A$112,MATCH(LARGE(LIST!$I$3:$I$112,4),LIST!$I$3:$I$112,0))) | R38: =IF(T38=0,"",INDEX(LIST!$C$3:$C$112,MATCH(LARGE(LIST!$I$3:$I$112,4),LIST!$I$3:$I$112,0))) | T38: =ROUND(INDEX(LIST!$E$3:$E$112,MATCH(LARGE(LIST!$I$3:$I$112,4),LIST!$I$3:$I$112,0)),1) | U38: =IF(T38=0,"",INDEX(LIST!$H$3:$H$112,MATCH(LARGE(LIST!$I$3:$I$112,4),LIST!$I$3:$I$112,0)))
B39: Mine Operations Control | P39: 5 | Q39: =IF(T39=0,"–",INDEX(LIST!$A$3:$A$112,MATCH(LARGE(LIST!$I$3:$I$112,5),LIST!$I$3:$I$112,0))) | R39: =IF(T39=0,"",INDEX(LIST!$C$3:$C$112,MATCH(LARGE(LIST!$I$3:$I$112,5),LIST!$I$3:$I$112,0))) | T39: =ROUND(INDEX(LIST!$E$3:$E$112,MATCH(LARGE(LIST!$I$3:$I$112,5),LIST!$I$3:$I$112,0)),1) | U39: =IF(T39=0,"",INDEX(LIST!$H$3:$H$112,MATCH(LARGE(LIST!$I$3:$I$112,5),LIST!$I$3:$I$112,0)))
P40: 6 | Q40: =IF(T40=0,"–",INDEX(LIST!$A$3:$A$112,MATCH(LARGE(LIST!$I$3:$I$112,6),LIST!$I$3:$I$112,0))) | R40: =IF(T40=0,"",INDEX(LIST!$C$3:$C$112,MATCH(LARGE(LIST!$I$3:$I$112,6),LIST!$I$3:$I$112,0))) | T40: =ROUND(INDEX(LIST!$E$3:$E$112,MATCH(LARGE(LIST!$I$3:$I$112,6),LIST!$I$3:$I$112,0)),1) | U40: =IF(T40=0,"",INDEX(LIST!$H$3:$H$112,MATCH(LARGE(LIST!$I$3:$I$112,6),LIST!$I$3:$I$112,0)))
P41: 7 | Q41: =IF(T41=0,"–",INDEX(LIST!$A$3:$A$112,MATCH(LARGE(LIST!$I$3:$I$112,7),LIST!$I$3:$I$112,0))) | R41: =IF(T41=0,"",INDEX(LIST!$C$3:$C$112,MATCH(LARGE(LIST!$I$3:$I$112,7),LIST!$I$3:$I$112,0))) | T41: =ROUND(INDEX(LIST!$E$3:$E$112,MATCH(LARGE(LIST!$I$3:$I$112,7),LIST!$I$3:$I$112,0)),1) | U41: =IF(T41=0,"",INDEX(LIST!$H$3:$H$112,MATCH(LARGE(LIST!$I$3:$I$112,7),LIST!$I$3:$I$112,0)))
P42: 8 | Q42: =IF(T42=0,"–",INDEX(LIST!$A$3:$A$112,MATCH(LARGE(LIST!$I$3:$I$112,8),LIST!$I$3:$I$112,0))) | R42: =IF(T42=0,"",INDEX(LIST!$C$3:$C$112,MATCH(LARGE(LIST!$I$3:$I$112,8),LIST!$I$3:$I$112,0))) | T42: =ROUND(INDEX(LIST!$E$3:$E$112,MATCH(LARGE(LIST!$I$3:$I$112,8),LIST!$I$3:$I$112,0)),1) | U42: =IF(T42=0,"",INDEX(LIST!$H$3:$H$112,MATCH(LARGE(LIST!$I$3:$I$112,8),LIST!$I$3:$I$112,0)))
P43: 9 | Q43: =IF(T43=0,"–",INDEX(LIST!$A$3:$A$112,MATCH(LARGE(LIST!$I$3:$I$112,9),LIST!$I$3:$I$112,0))) | R43: =IF(T43=0,"",INDEX(LIST!$C$3:$C$112,MATCH(LARGE(LIST!$I$3:$I$112,9),LIST!$I$3:$I$112,0))) | T43: =ROUND(INDEX(LIST!$E$3:$E$112,MATCH(LARGE(LIST!$I$3:$I$112,9),LIST!$I$3:$I$112,0)),1) | U43: =IF(T43=0,"",INDEX(LIST!$H$3:$H$112,MATCH(LARGE(LIST!$I$3:$I$112,9),LIST!$I$3:$I$112,0)))
P44: 10 | Q44: =IF(T44=0,"–",INDEX(LIST!$A$3:$A$112,MATCH(LARGE(LIST!$I$3:$I$112,10),LIST!$I$3:$I$112,0))) | R44: =IF(T44=0,"",INDEX(LIST!$C$3:$C$112,MATCH(LARGE(LIST!$I$3:$I$112,10),LIST!$I$3:$I$112,0))) | T44: =ROUND(INDEX(LIST!$E$3:$E$112,MATCH(LARGE(LIST!$I$3:$I$112,10),LIST!$I$3:$I$112,0)),1) | U44: =IF(T44=0,"",INDEX(LIST!$H$3:$H$112,MATCH(LARGE(LIST!$I$3:$I$112,10),LIST!$I$3:$I$112,0)))

Sheet Delay & Hujan
B2: PIT CONTROL | D2: Mine Ops Board / Delay & Hujan
B3: MINE OPS BOARD | D3: Delay & Hujan
D4: Idle = jam unit siap pakai tetapi tidak bekerja, per kategori timesheet
B5: BOARD
B6: =HYPERLINK("#Produksi!A1"," Produksi") | E6: Dari | F6: 46082 | H6: Sampai | I6: 46110 | K6: Shift | L6: Semua | N6: Class | O6: Semua
B7: =HYPERLINK("#Digger!A1"," Produktivitas Digger") | D7: =IF(Kalkulasi!$B$33=0,"⚠ Tanggal akhir harus sama atau setelah tanggal mulai","Klik sel kuning untuk memilih filter · "&Kalkulasi!$B$33&" hari dipilih")
B8: =HYPERLINK("#Availability!A1"," Availability Unit")
B9: =HYPERLINK("#'Delay & Hujan'!A1"," Delay & Hujan") | D9: TOTAL IDLE | G9: IDLE KARENA CUACA | J9: JAM HUJAN | M9: SLIPPERY | P9: CURAH HUJAN | S9: IDLE / HARI
B10: =HYPERLINK("#Fuel!A1"," Fuel") | D10: =Kalkulasi!$B$72 | G10: =Kalkulasi!$B$73 | J10: =Kalkulasi!$B$75 | M10: =Kalkulasi!$B$76 | P10: =Kalkulasi!$B$77 | S10: =IF(Kalkulasi!$B$33=0,0,Kalkulasi!$B$72/Kalkulasi!$B$33)
B11: =HYPERLINK("#'Tren PTY'!A1"," Tren PTY") | D11: ="Terbesar: "&Kalkulasi!$E$262 | G11: =TEXT(Kalkulasi!$B$74,"0%")&" dari idle (rain + slippery)" | J11: =TEXT(Kalkulasi!$B$214,"0")&" hari hujan" | M11: ="Jalan licin setelah hujan" | P11: ="Pengukuran pit" | S11: ="Rata-rata jam unit per hari"
B13: PER JAM | D13: Pareto idle | O13: 10 kategori terbesar · garis = kumulatif (%) | P13: Semua kategori idle
B14: =HYPERLINK("#'PTY per Jam'!A1"," PTY per Jam") | P14: Kategori | S14: Jam | T14: Porsi
B15: =HYPERLINK("#'Fleet & Delay'!A1"," Fleet & Delay") | P15: =Kalkulasi!E262 | S15: =Kalkulasi!F262 | T15: =Kalkulasi!H262
B16: =HYPERLINK("#'Daily Report'!A1"," Daily Report") | P16: =Kalkulasi!E263 | S16: =Kalkulasi!F263 | T16: =Kalkulasi!H263
B17: =HYPERLINK("#INPUT_RITASE!A1"," Input ritase ↗") | P17: =Kalkulasi!E264 | S17: =Kalkulasi!F264 | T17: =Kalkulasi!H264
B18: =HYPERLINK("#INPUT_DELAY!A1"," Input delay ↗") | P18: =Kalkulasi!E265 | S18: =Kalkulasi!F265 | T18: =Kalkulasi!H265
P19: =Kalkulasi!E266 | S19: =Kalkulasi!F266 | T19: =Kalkulasi!H266
B20: DATA | P20: =Kalkulasi!E267 | S20: =Kalkulasi!F267 | T20: =Kalkulasi!H267
B21: =HYPERLINK("#'Master Data'!A1"," Master Data") | P21: =Kalkulasi!E268 | S21: =Kalkulasi!F268 | T21: =Kalkulasi!H268
B22: =HYPERLINK("#DATA_TS!A1"," Tabel timesheet ↗") | P22: =Kalkulasi!E269 | S22: =Kalkulasi!F269 | T22: =Kalkulasi!H269
B23: =HYPERLINK("#DATA_FUEL!A1"," Tabel fuel ↗") | P23: =Kalkulasi!E270 | S23: =Kalkulasi!F270 | T23: =Kalkulasi!H270
P24: =Kalkulasi!E271 | S24: =Kalkulasi!F271 | T24: =Kalkulasi!H271
B25: LAINNYA | P25: =Kalkulasi!E272 | S25: =Kalkulasi!F272 | T25: =Kalkulasi!H272
B26: =HYPERLINK("#Panduan!A1"," Panduan") | P26: =Kalkulasi!E273 | S26: =Kalkulasi!F273 | T26: =Kalkulasi!H273
B27: =HYPERLINK("#Parameter!A1"," Target & parameter") | P27: =Kalkulasi!E274 | S27: =Kalkulasi!F274 | T27: =Kalkulasi!H274
B28: =HYPERLINK("#MASTER_JAM!A1"," Faktor, target & MF") | P28: =Kalkulasi!E275 | S28: =Kalkulasi!F275 | T28: =Kalkulasi!H275
P29: =Kalkulasi!E276 | S29: =Kalkulasi!F276 | T29: =Kalkulasi!H276
P30: =Kalkulasi!E277 | S30: =Kalkulasi!F277 | T30: =Kalkulasi!H277
P31: =Kalkulasi!E278 | S31: =Kalkulasi!F278 | T31: =Kalkulasi!H278
P32: =Kalkulasi!E279 | S32: =Kalkulasi!F279 | T32: =Kalkulasi!H279
B33: Data dummy · Coal Project | P33: =Kalkulasi!E280 | S33: =Kalkulasi!F280 | T33: =Kalkulasi!H280
B34: Simulasi unit per shift, | P34: =Kalkulasi!E281 | S34: =Kalkulasi!F281 | T34: =Kalkulasi!H281
B35: Maret 2026. Bukan data
B36: perusahaan mana pun.
D37: Jam hujan vs achievement OB | U37: batang = jam hujan · garis = achievement OB harian (%)
B38: Muhammad Rifqi Rizqullah
B39: Mine Operations Control

Sheet Fuel
B2: PIT CONTROL | D2: Mine Ops Board / Fuel Consumption & Fuel Ratio
B3: MINE OPS BOARD | D3: Fuel Consumption & Fuel Ratio
D4: Mining = alat di pit · Aux = alat di luar pit (hauling ROM–jetty, loader, washing plant, LV, genset) · FR = fuel ÷ (OB + coal ÷ 1,3)
B5: BOARD
B6: =HYPERLINK("#Produksi!A1"," Produksi") | E6: Dari | F6: 46082 | H6: Sampai | I6: 46110 | K6: Kelompok | L6: Semua
B7: =HYPERLINK("#Digger!A1"," Produktivitas Digger") | D7: =IF(Kalkulasi!$B$292=0,"⚠ Tanggal akhir harus sama atau setelah tanggal mulai","Fuel dicatat per hari (tanpa shift) · "&Kalkulasi!$B$292&" hari dipilih · KPI & tren selalu menampilkan semua kelompok")
B8: =HYPERLINK("#Availability!A1"," Availability Unit")
B9: =HYPERLINK("#'Delay & Hujan'!A1"," Delay & Hujan") | D9: FR MINING (PIT) | G9: FR ALL | J9: FUEL MINING | M9: FUEL ALL | P9: FUEL AUX (LUAR PIT) | S9: RATA-RATA PER HARI
B10: =HYPERLINK("#Fuel!A1"," Fuel") | D10: =Kalkulasi!$B$304 | G10: =Kalkulasi!$B$305 | J10: =Kalkulasi!$B$296 | M10: =Kalkulasi!$B$299 | P10: =Kalkulasi!$B$297 | S10: =IF(Kalkulasi!$B$292=0,0,Kalkulasi!$B$299/Kalkulasi!$B$292)
B11: =HYPERLINK("#'Tren PTY'!A1"," Tren PTY") | D11: ="Plan "&TEXT(Kalkulasi!$B$306,"0.000")&IF(Kalkulasi!$B$304<=Kalkulasi!$B$306," ▼ "&TEXT(1-Kalkulasi!$B$304/Kalkulasi!$B$306,"0.0%")&" lebih hemat"," ▲ "&TEXT(Kalkulasi!$B$304/Kalkulasi!$B$306-1,"0.0%")&" lebih boros") | G11: ="Plan "&TEXT(Kalkulasi!$B$307,"0.000")&IF(Kalkulasi!$B$305<=Kalkulasi!$B$307," ▼ "&TEXT(1-Kalkulasi!$B$305/Kalkulasi!$B$307,"0.0%")&" lebih hemat"," ▲ "&TEXT(Kalkulasi!$B$305/Kalkulasi!$B$307-1,"0.0%")&" lebih boros") | J11: ="Plan "&TEXT(Kalkulasi!$B$300,"#,##0")&" · "&TEXT(Kalkulasi!$B$296/MAX(1,Kalkulasi!$B$300)-1,"+0.0%;-0.0%") | M11: ="Plan "&TEXT(Kalkulasi!$B$301,"#,##0")&" · "&TEXT(Kalkulasi!$B$299/MAX(1,Kalkulasi!$B$301)-1,"+0.0%;-0.0%") | P11: =TEXT(Kalkulasi!$B$297/MAX(1,Kalkulasi!$B$299),"0%")&" dari total · vendor "&TEXT(Kalkulasi!$B$298,"#,##0")&" L" | S11: ="Mining "&TEXT(IF(Kalkulasi!$B$292=0,0,Kalkulasi!$B$296/Kalkulasi!$B$292),"#,##0")&" L/hari"
B13: PER JAM | D13: Fuel ratio harian: actual vs plan | O13: liter per BCM · garis putus = plan | P13: Fuel per kategori alat | U13: liter · ikut filter kelompok
B14: =HYPERLINK("#'PTY per Jam'!A1"," PTY per Jam")
B15: =HYPERLINK("#'Fleet & Delay'!A1"," Fleet & Delay")
B16: =HYPERLINK("#'Daily Report'!A1"," Daily Report")
B17: =HYPERLINK("#INPUT_RITASE!A1"," Input ritase ↗")
B18: =HYPERLINK("#INPUT_DELAY!A1"," Input delay ↗")
B20: DATA
B21: =HYPERLINK("#'Master Data'!A1"," Master Data")
B22: =HYPERLINK("#DATA_TS!A1"," Tabel timesheet ↗")
B23: =HYPERLINK("#DATA_FUEL!A1"," Tabel fuel ↗")
P24: ="Total "&TEXT(SUM(Kalkulasi!$B$363:$B$369),"#,##0")&" L"
B25: LAINNYA | P25: ■ | Q25: =Kalkulasi!A363 | T25: =Kalkulasi!C363
B26: =HYPERLINK("#Panduan!A1"," Panduan") | P26: ■ | Q26: =Kalkulasi!A364 | T26: =Kalkulasi!C364
B27: =HYPERLINK("#Parameter!A1"," Target & parameter") | P27: ■ | Q27: =Kalkulasi!A365 | T27: =Kalkulasi!C365
B28: =HYPERLINK("#MASTER_JAM!A1"," Faktor, target & MF") | P28: ■ | Q28: =Kalkulasi!A366 | T28: =Kalkulasi!C366
P29: ■ | Q29: =Kalkulasi!A367 | T29: =Kalkulasi!C367
P30: ■ | Q30: =Kalkulasi!A368 | T30: =Kalkulasi!C368
P31: ■ | Q31: =Kalkulasi!A369 | T31: =Kalkulasi!C369
B33: Data dummy · Coal Project | D33: Pemakaian fuel harian | U33: batang = actual per kelompok (liter) · garis putus = plan fuel all
B34: Simulasi unit per shift,
B35: Maret 2026. Bukan data
B36: perusahaan mana pun.
B38: Muhammad Rifqi Rizqullah
B39: Mine Operations Control
D52: Konsumsi per tipe alat | K52: liter per jam kerja (HM) | L52: Unit dengan pemakaian terbesar | U52: ikut filter kelompok
D53: Tipe | F53: Class | H53: Liter | J53: HM | K53: L/jam | L53: Unit | N53: Kategori | P53: Kelompok | Q53: Liter | S53: HM | T53: L/jam
D54: =Kalkulasi!H374 | F54: =Kalkulasi!I374 | H54: =Kalkulasi!J374 | J54: =Kalkulasi!K374 | K54: =Kalkulasi!L374 | L54: =IF(Kalkulasi!K398=0,"",Kalkulasi!H398) | N54: =IF(Kalkulasi!K398=0,"",Kalkulasi!I398) | P54: =IF(Kalkulasi!K398=0,"",Kalkulasi!J398) | Q54: =Kalkulasi!K398 | S54: =IF(Kalkulasi!K398=0,"",IF(Kalkulasi!L398="","–",Kalkulasi!L398)) | T54: =IF(Kalkulasi!K398=0,"",IF(Kalkulasi!M398="",IF(Kalkulasi!L398=0,"HM 0","–"),Kalkulasi!M398))
D55: =Kalkulasi!H375 | F55: =Kalkulasi!I375 | H55: =Kalkulasi!J375 | J55: =Kalkulasi!K375 | K55: =Kalkulasi!L375 | L55: =IF(Kalkulasi!K399=0,"",Kalkulasi!H399) | N55: =IF(Kalkulasi!K399=0,"",Kalkulasi!I399) | P55: =IF(Kalkulasi!K399=0,"",Kalkulasi!J399) | Q55: =Kalkulasi!K399 | S55: =IF(Kalkulasi!K399=0,"",IF(Kalkulasi!L399="","–",Kalkulasi!L399)) | T55: =IF(Kalkulasi!K399=0,"",IF(Kalkulasi!M399="",IF(Kalkulasi!L399=0,"HM 0","–"),Kalkulasi!M399))
D56: =Kalkulasi!H376 | F56: =Kalkulasi!I376 | H56: =Kalkulasi!J376 | J56: =Kalkulasi!K376 | K56: =Kalkulasi!L376 | L56: =IF(Kalkulasi!K400=0,"",Kalkulasi!H400) | N56: =IF(Kalkulasi!K400=0,"",Kalkulasi!I400) | P56: =IF(Kalkulasi!K400=0,"",Kalkulasi!J400) | Q56: =Kalkulasi!K400 | S56: =IF(Kalkulasi!K400=0,"",IF(Kalkulasi!L400="","–",Kalkulasi!L400)) | T56: =IF(Kalkulasi!K400=0,"",IF(Kalkulasi!M400="",IF(Kalkulasi!L400=0,"HM 0","–"),Kalkulasi!M400))
D57: =Kalkulasi!H377 | F57: =Kalkulasi!I377 | H57: =Kalkulasi!J377 | J57: =Kalkulasi!K377 | K57: =Kalkulasi!L377 | L57: =IF(Kalkulasi!K401=0,"",Kalkulasi!H401) | N57: =IF(Kalkulasi!K401=0,"",Kalkulasi!I401) | P57: =IF(Kalkulasi!K401=0,"",Kalkulasi!J401) | Q57: =Kalkulasi!K401 | S57: =IF(Kalkulasi!K401=0,"",IF(Kalkulasi!L401="","–",Kalkulasi!L401)) | T57: =IF(Kalkulasi!K401=0,"",IF(Kalkulasi!M401="",IF(Kalkulasi!L401=0,"HM 0","–"),Kalkulasi!M401))
D58: =Kalkulasi!H378 | F58: =Kalkulasi!I378 | H58: =Kalkulasi!J378 | J58: =Kalkulasi!K378 | K58: =Kalkulasi!L378 | L58: =IF(Kalkulasi!K402=0,"",Kalkulasi!H402) | N58: =IF(Kalkulasi!K402=0,"",Kalkulasi!I402) | P58: =IF(Kalkulasi!K402=0,"",Kalkulasi!J402) | Q58: =Kalkulasi!K402 | S58: =IF(Kalkulasi!K402=0,"",IF(Kalkulasi!L402="","–",Kalkulasi!L402)) | T58: =IF(Kalkulasi!K402=0,"",IF(Kalkulasi!M402="",IF(Kalkulasi!L402=0,"HM 0","–"),Kalkulasi!M402))
D59: =Kalkulasi!H379 | F59: =Kalkulasi!I379 | H59: =Kalkulasi!J379 | J59: =Kalkulasi!K379 | K59: =Kalkulasi!L379 | L59: =IF(Kalkulasi!K403=0,"",Kalkulasi!H403) | N59: =IF(Kalkulasi!K403=0,"",Kalkulasi!I403) | P59: =IF(Kalkulasi!K403=0,"",Kalkulasi!J403) | Q59: =Kalkulasi!K403 | S59: =IF(Kalkulasi!K403=0,"",IF(Kalkulasi!L403="","–",Kalkulasi!L403)) | T59: =IF(Kalkulasi!K403=0,"",IF(Kalkulasi!M403="",IF(Kalkulasi!L403=0,"HM 0","–"),Kalkulasi!M403))
D60: =Kalkulasi!H380 | F60: =Kalkulasi!I380 | H60: =Kalkulasi!J380 | J60: =Kalkulasi!K380 | K60: =Kalkulasi!L380 | L60: =IF(Kalkulasi!K404=0,"",Kalkulasi!H404) | N60: =IF(Kalkulasi!K404=0,"",Kalkulasi!I404) | P60: =IF(Kalkulasi!K404=0,"",Kalkulasi!J404) | Q60: =Kalkulasi!K404 | S60: =IF(Kalkulasi!K404=0,"",IF(Kalkulasi!L404="","–",Kalkulasi!L404)) | T60: =IF(Kalkulasi!K404=0,"",IF(Kalkulasi!M404="",IF(Kalkulasi!L404=0,"HM 0","–"),Kalkulasi!M404))
D61: =Kalkulasi!H381 | F61: =Kalkulasi!I381 | H61: =Kalkulasi!J381 | J61: =Kalkulasi!K381 | K61: =Kalkulasi!L381 | L61: =IF(Kalkulasi!K405=0,"",Kalkulasi!H405) | N61: =IF(Kalkulasi!K405=0,"",Kalkulasi!I405) | P61: =IF(Kalkulasi!K405=0,"",Kalkulasi!J405) | Q61: =Kalkulasi!K405 | S61: =IF(Kalkulasi!K405=0,"",IF(Kalkulasi!L405="","–",Kalkulasi!L405)) | T61: =IF(Kalkulasi!K405=0,"",IF(Kalkulasi!M405="",IF(Kalkulasi!L405=0,"HM 0","–"),Kalkulasi!M405))
D62: =Kalkulasi!H382 | F62: =Kalkulasi!I382 | H62: =Kalkulasi!J382 | J62: =Kalkulasi!K382 | K62: =Kalkulasi!L382 | L62: =IF(Kalkulasi!K406=0,"",Kalkulasi!H406) | N62: =IF(Kalkulasi!K406=0,"",Kalkulasi!I406) | P62: =IF(Kalkulasi!K406=0,"",Kalkulasi!J406) | Q62: =Kalkulasi!K406 | S62: =IF(Kalkulasi!K406=0,"",IF(Kalkulasi!L406="","–",Kalkulasi!L406)) | T62: =IF(Kalkulasi!K406=0,"",IF(Kalkulasi!M406="",IF(Kalkulasi!L406=0,"HM 0","–"),Kalkulasi!M406))
D63: =Kalkulasi!H383 | F63: =Kalkulasi!I383 | H63: =Kalkulasi!J383 | J63: =Kalkulasi!K383 | K63: =Kalkulasi!L383 | L63: =IF(Kalkulasi!K407=0,"",Kalkulasi!H407) | N63: =IF(Kalkulasi!K407=0,"",Kalkulasi!I407) | P63: =IF(Kalkulasi!K407=0,"",Kalkulasi!J407) | Q63: =Kalkulasi!K407 | S63: =IF(Kalkulasi!K407=0,"",IF(Kalkulasi!L407="","–",Kalkulasi!L407)) | T63: =IF(Kalkulasi!K407=0,"",IF(Kalkulasi!M407="",IF(Kalkulasi!L407=0,"HM 0","–"),Kalkulasi!M407))
D64: =Kalkulasi!H384 | F64: =Kalkulasi!I384 | H64: =Kalkulasi!J384 | J64: =Kalkulasi!K384 | K64: =Kalkulasi!L384 | L64: =IF(Kalkulasi!K408=0,"",Kalkulasi!H408) | N64: =IF(Kalkulasi!K408=0,"",Kalkulasi!I408) | P64: =IF(Kalkulasi!K408=0,"",Kalkulasi!J408) | Q64: =Kalkulasi!K408 | S64: =IF(Kalkulasi!K408=0,"",IF(Kalkulasi!L408="","–",Kalkulasi!L408)) | T64: =IF(Kalkulasi!K408=0,"",IF(Kalkulasi!M408="",IF(Kalkulasi!L408=0,"HM 0","–"),Kalkulasi!M408))
D65: =Kalkulasi!H385 | F65: =Kalkulasi!I385 | H65: =Kalkulasi!J385 | J65: =Kalkulasi!K385 | K65: =Kalkulasi!L385 | L65: =IF(Kalkulasi!K409=0,"",Kalkulasi!H409) | N65: =IF(Kalkulasi!K409=0,"",Kalkulasi!I409) | P65: =IF(Kalkulasi!K409=0,"",Kalkulasi!J409) | Q65: =Kalkulasi!K409 | S65: =IF(Kalkulasi!K409=0,"",IF(Kalkulasi!L409="","–",Kalkulasi!L409)) | T65: =IF(Kalkulasi!K409=0,"",IF(Kalkulasi!M409="",IF(Kalkulasi!L409=0,"HM 0","–"),Kalkulasi!M409))
... D71: =Kalkulasi!H391 | F71: =Kalkulasi!I391 | H71: =Kalkulasi!J391 | J71: =Kalkulasi!K391 | K71: =Kalkulasi!L391 | L71: =IF(Kalkulasi!K415=0,"",Kalkulasi!H415) | N71: =IF(Kalkulasi!K415=0,"",Kalkulasi!I415) | P71: =IF(Kalkulasi!K415=0,"",Kalkulasi!J415) | Q71: =Kalkulasi!K415 | S71: =IF(Kalkulasi!K415=0,"",IF(Kalkulasi!L415="","–",Kalkulasi!L415)) | T71: =IF(Kalkulasi!K415=0,"",IF(Kalkulasi!M415="",IF(Kalkulasi!L415=0,"HM 0","–"),Kalkulasi!M415))

Sheet Tren PTY
B2: PIT CONTROL | D2: Mine Ops Board / Tren PTY Digger
B3: MINE OPS BOARD | D3: Tren PTY Digger
D4: PTY per digger per hari dari DATA_TS (produksi ÷ EWH) · warna mengikuti target di MASTER_JAM
B5: BOARD
B6: =HYPERLINK("#Produksi!A1"," Produksi") | D6: Dari | E6: 46082 | G6: Sampai | H6: 46110 | J6: Shift | K6: Semua | M6: Material | N6: OB
B7: =HYPERLINK("#Digger!A1"," Produktivitas Digger") | D7: Kolom = 12 digger dengan produksi terbesar di periode · hijau ≥ target · kuning ≥ 85% · merah < 85% · abu = tidak beroperasi
B8: =HYPERLINK("#Availability!A1"," Availability Unit")
B9: =HYPERLINK("#'Delay & Hujan'!A1"," Delay & Hujan") | D9: PTY FLEET PERIODE | G9: SHIFT ON TARGET | J9: DIGGER TERTINGGI | M9: PALING KONSISTEN | P9: HARI TERBAIK | S9: HARI TERENDAH
B10: =HYPERLINK("#Fuel!A1"," Fuel") | D10: =Kalkulasi!$B$974 | G10: =Kalkulasi!$B$976 | J10: =Kalkulasi!$B$977 | M10: =Kalkulasi!$B$983 | P10: =IF(Kalkulasi!$B$980="","–",TEXT(Kalkulasi!$B$980,"d mmm")) | S10: =IF(Kalkulasi!$B$982="","–",TEXT(Kalkulasi!$B$982,"d mmm"))
B11: =HYPERLINK("#'Tren PTY'!A1"," Tren PTY") | D11: =IF(Kalkulasi!$B$876="OB","BCM","MT")&"/jam EWH · "&TEXT(Kalkulasi!$B$975,"#,##0")&" "&IF(Kalkulasi!$B$876="OB","BCM","MT") | G11: ="shift digger dengan PTY ≥ target" | J11: =TEXT(Kalkulasi!$B$978,"#,##0")&" "&IF(Kalkulasi!$B$876="OB","BCM","MT")&"/jam" | M11: =TEXT(Kalkulasi!$B$984,"0%")&" shift on target (min. 3 shift)" | P11: ="PTY fleet "&TEXT(Kalkulasi!$B$979,"#,##0") | S11: ="PTY fleet "&TEXT(Kalkulasi!$B$981,"#,##0")
B13: PER JAM | D13: Heatmap PTY harian per digger | U13: baris = tanggal · kolom = digger
B14: =HYPERLINK("#'PTY per Jam'!A1"," PTY per Jam") | D14: Tanggal | F14: =IF(INDEX(Kalkulasi!$D$916:$D$933,Kalkulasi!$A$937)=0,"",INDEX(Kalkulasi!$A$916:$A$933,Kalkulasi!$A$937)) | G14: =IF(INDEX(Kalkulasi!$D$916:$D$933,Kalkulasi!$A$938)=0,"",INDEX(Kalkulasi!$A$916:$A$933,Kalkulasi!$A$938)) | H14: =IF(INDEX(Kalkulasi!$D$916:$D$933,Kalkulasi!$A$939)=0,"",INDEX(Kalkulasi!$A$916:$A$933,Kalkulasi!$A$939)) | I14: =IF(INDEX(Kalkulasi!$D$916:$D$933,Kalkulasi!$A$940)=0,"",INDEX(Kalkulasi!$A$916:$A$933,Kalkulasi!$A$940)) | J14: =IF(INDEX(Kalkulasi!$D$916:$D$933,Kalkulasi!$A$941)=0,"",INDEX(Kalkulasi!$A$916:$A$933,Kalkulasi!$A$941)) | K14: =IF(INDEX(Kalkulasi!$D$916:$D$933,Kalkulasi!$A$942)=0,"",INDEX(Kalkulasi!$A$916:$A$933,Kalkulasi!$A$942)) | L14: =IF(INDEX(Kalkulasi!$D$916:$D$933,Kalkulasi!$A$943)=0,"",INDEX(Kalkulasi!$A$916:$A$933,Kalkulasi!$A$943)) | M14: =IF(INDEX(Kalkulasi!$D$916:$D$933,Kalkulasi!$A$944)=0,"",INDEX(Kalkulasi!$A$916:$A$933,Kalkulasi!$A$944)) | N14: =IF(INDEX(Kalkulasi!$D$916:$D$933,Kalkulasi!$A$945)=0,"",INDEX(Kalkulasi!$A$916:$A$933,Kalkulasi!$A$945)) | O14: =IF(INDEX(Kalkulasi!$D$916:$D$933,Kalkulasi!$A$946)=0,"",INDEX(Kalkulasi!$A$916:$A$933,Kalkulasi!$A$946)) | P14: =IF(INDEX(Kalkulasi!$D$916:$D$933,Kalkulasi!$A$947)=0,"",INDEX(Kalkulasi!$A$916:$A$933,Kalkulasi!$A$947)) | Q14: =IF(INDEX(Kalkulasi!$D$916:$D$933,Kalkulasi!$A$948)=0,"",INDEX(Kalkulasi!$A$916:$A$933,Kalkulasi!$A$948)) | R14: Fleet | S14: Produksi
B15: =HYPERLINK("#'Fleet & Delay'!A1"," Fleet & Delay") | D15: Target | F15: =IF(OR(INDEX(Kalkulasi!$D$916:$D$933,Kalkulasi!$A$937)=0,INDEX(Kalkulasi!$C$916:$C$933,Kalkulasi!$A$937)=0),"",INDEX(Kalkulasi!$C$916:$C$933,Kalkulasi!$A$937)) | G15: =IF(OR(INDEX(Kalkulasi!$D$916:$D$933,Kalkulasi!$A$938)=0,INDEX(Kalkulasi!$C$916:$C$933,Kalkulasi!$A$938)=0),"",INDEX(Kalkulasi!$C$916:$C$933,Kalkulasi!$A$938)) | H15: =IF(OR(INDEX(Kalkulasi!$D$916:$D$933,Kalkulasi!$A$939)=0,INDEX(Kalkulasi!$C$916:$C$933,Kalkulasi!$A$939)=0),"",INDEX(Kalkulasi!$C$916:$C$933,Kalkulasi!$A$939)) | I15: =IF(OR(INDEX(Kalkulasi!$D$916:$D$933,Kalkulasi!$A$940)=0,INDEX(Kalkulasi!$C$916:$C$933,Kalkulasi!$A$940)=0),"",INDEX(Kalkulasi!$C$916:$C$933,Kalkulasi!$A$940)) | J15: =IF(OR(INDEX(Kalkulasi!$D$916:$D$933,Kalkulasi!$A$941)=0,INDEX(Kalkulasi!$C$916:$C$933,Kalkulasi!$A$941)=0),"",INDEX(Kalkulasi!$C$916:$C$933,Kalkulasi!$A$941)) | K15: =IF(OR(INDEX(Kalkulasi!$D$916:$D$933,Kalkulasi!$A$942)=0,INDEX(Kalkulasi!$C$916:$C$933,Kalkulasi!$A$942)=0),"",INDEX(Kalkulasi!$C$916:$C$933,Kalkulasi!$A$942)) | L15: =IF(OR(INDEX(Kalkulasi!$D$916:$D$933,Kalkulasi!$A$943)=0,INDEX(Kalkulasi!$C$916:$C$933,Kalkulasi!$A$943)=0),"",INDEX(Kalkulasi!$C$916:$C$933,Kalkulasi!$A$943)) | M15: =IF(OR(INDEX(Kalkulasi!$D$916:$D$933,Kalkulasi!$A$944)=0,INDEX(Kalkulasi!$C$916:$C$933,Kalkulasi!$A$944)=0),"",INDEX(Kalkulasi!$C$916:$C$933,Kalkulasi!$A$944)) | N15: =IF(OR(INDEX(Kalkulasi!$D$916:$D$933,Kalkulasi!$A$945)=0,INDEX(Kalkulasi!$C$916:$C$933,Kalkulasi!$A$945)=0),"",INDEX(Kalkulasi!$C$916:$C$933,Kalkulasi!$A$945)) | O15: =IF(OR(INDEX(Kalkulasi!$D$916:$D$933,Kalkulasi!$A$946)=0,INDEX(Kalkulasi!$C$916:$C$933,Kalkulasi!$A$946)=0),"",INDEX(Kalkulasi!$C$916:$C$933,Kalkulasi!$A$946)) | P15: =IF(OR(INDEX(Kalkulasi!$D$916:$D$933,Kalkulasi!$A$947)=0,INDEX(Kalkulasi!$C$916:$C$933,Kalkulasi!$A$947)=0),"",INDEX(Kalkulasi!$C$916:$C$933,Kalkulasi!$A$947)) | Q15: =IF(OR(INDEX(Kalkulasi!$D$916:$D$933,Kalkulasi!$A$948)=0,INDEX(Kalkulasi!$C$916:$C$933,Kalkulasi!$A$948)=0),"",INDEX(Kalkulasi!$C$916:$C$933,Kalkulasi!$A$948))
B16: =HYPERLINK("#'Daily Report'!A1"," Daily Report") | D16: =Kalkulasi!A881 | F16: =IF(INDEX(Kalkulasi!$D$916:$D$933,Kalkulasi!$A$937)=0,"",INDEX(Kalkulasi!$AN881:$BE881,Kalkulasi!$A$937)) | G16: =IF(INDEX(Kalkulasi!$D$916:$D$933,Kalkulasi!$A$938)=0,"",INDEX(Kalkulasi!$AN881:$BE881,Kalkulasi!$A$938)) | H16: =IF(INDEX(Kalkulasi!$D$916:$D$933,Kalkulasi!$A$939)=0,"",INDEX(Kalkulasi!$AN881:$BE881,Kalkulasi!$A$939)) | I16: =IF(INDEX(Kalkulasi!$D$916:$D$933,Kalkulasi!$A$940)=0,"",INDEX(Kalkulasi!$AN881:$BE881,Kalkulasi!$A$940)) | J16: =IF(INDEX(Kalkulasi!$D$916:$D$933,Kalkulasi!$A$941)=0,"",INDEX(Kalkulasi!$AN881:$BE881,Kalkulasi!$A$941)) | K16: =IF(INDEX(Kalkulasi!$D$916:$D$933,Kalkulasi!$A$942)=0,"",INDEX(Kalkulasi!$AN881:$BE881,Kalkulasi!$A$942)) | L16: =IF(INDEX(Kalkulasi!$D$916:$D$933,Kalkulasi!$A$943)=0,"",INDEX(Kalkulasi!$AN881:$BE881,Kalkulasi!$A$943)) | M16: =IF(INDEX(Kalkulasi!$D$916:$D$933,Kalkulasi!$A$944)=0,"",INDEX(Kalkulasi!$AN881:$BE881,Kalkulasi!$A$944)) | N16: =IF(INDEX(Kalkulasi!$D$916:$D$933,Kalkulasi!$A$945)=0,"",INDEX(Kalkulasi!$AN881:$BE881,Kalkulasi!$A$945)) | O16: =IF(INDEX(Kalkulasi!$D$916:$D$933,Kalkulasi!$A$946)=0,"",INDEX(Kalkulasi!$AN881:$BE881,Kalkulasi!$A$946)) | P16: =IF(INDEX(Kalkulasi!$D$916:$D$933,Kalkulasi!$A$947)=0,"",INDEX(Kalkulasi!$AN881:$BE881,Kalkulasi!$A$947)) | Q16: =IF(INDEX(Kalkulasi!$D$916:$D$933,Kalkulasi!$A$948)=0,"",INDEX(Kalkulasi!$AN881:$BE881,Kalkulasi!$A$948)) | R16: =IF(Kalkulasi!AM881=0,"",Kalkulasi!T881/Kalkulasi!AM881) | S16: =IF(Kalkulasi!T881=0,"",Kalkulasi!T881)
B17: =HYPERLINK("#INPUT_RITASE!A1"," Input ritase ↗") | D17: =Kalkulasi!A882 | F17: =IF(INDEX(Kalkulasi!$D$916:$D$933,Kalkulasi!$A$937)=0,"",INDEX(Kalkulasi!$AN882:$BE882,Kalkulasi!$A$937)) | G17: =IF(INDEX(Kalkulasi!$D$916:$D$933,Kalkulasi!$A$938)=0,"",INDEX(Kalkulasi!$AN882:$BE882,Kalkulasi!$A$938)) | H17: =IF(INDEX(Kalkulasi!$D$916:$D$933,Kalkulasi!$A$939)=0,"",INDEX(Kalkulasi!$AN882:$BE882,Kalkulasi!$A$939)) | I17: =IF(INDEX(Kalkulasi!$D$916:$D$933,Kalkulasi!$A$940)=0,"",INDEX(Kalkulasi!$AN882:$BE882,Kalkulasi!$A$940)) | J17: =IF(INDEX(Kalkulasi!$D$916:$D$933,Kalkulasi!$A$941)=0,"",INDEX(Kalkulasi!$AN882:$BE882,Kalkulasi!$A$941)) | K17: =IF(INDEX(Kalkulasi!$D$916:$D$933,Kalkulasi!$A$942)=0,"",INDEX(Kalkulasi!$AN882:$BE882,Kalkulasi!$A$942)) | L17: =IF(INDEX(Kalkulasi!$D$916:$D$933,Kalkulasi!$A$943)=0,"",INDEX(Kalkulasi!$AN882:$BE882,Kalkulasi!$A$943)) | M17: =IF(INDEX(Kalkulasi!$D$916:$D$933,Kalkulasi!$A$944)=0,"",INDEX(Kalkulasi!$AN882:$BE882,Kalkulasi!$A$944)) | N17: =IF(INDEX(Kalkulasi!$D$916:$D$933,Kalkulasi!$A$945)=0,"",INDEX(Kalkulasi!$AN882:$BE882,Kalkulasi!$A$945)) | O17: =IF(INDEX(Kalkulasi!$D$916:$D$933,Kalkulasi!$A$946)=0,"",INDEX(Kalkulasi!$AN882:$BE882,Kalkulasi!$A$946)) | P17: =IF(INDEX(Kalkulasi!$D$916:$D$933,Kalkulasi!$A$947)=0,"",INDEX(Kalkulasi!$AN882:$BE882,Kalkulasi!$A$947)) | Q17: =IF(INDEX(Kalkulasi!$D$916:$D$933,Kalkulasi!$A$948)=0,"",INDEX(Kalkulasi!$AN882:$BE882,Kalkulasi!$A$948)) | R17: =IF(Kalkulasi!AM882=0,"",Kalkulasi!T882/Kalkulasi!AM882) | S17: =IF(Kalkulasi!T882=0,"",Kalkulasi!T882)
B18: =HYPERLINK("#INPUT_DELAY!A1"," Input delay ↗") | D18: =Kalkulasi!A883 | F18: =IF(INDEX(Kalkulasi!$D$916:$D$933,Kalkulasi!$A$937)=0,"",INDEX(Kalkulasi!$AN883:$BE883,Kalkulasi!$A$937)) | G18: =IF(INDEX(Kalkulasi!$D$916:$D$933,Kalkulasi!$A$938)=0,"",INDEX(Kalkulasi!$AN883:$BE883,Kalkulasi!$A$938)) | H18: =IF(INDEX(Kalkulasi!$D$916:$D$933,Kalkulasi!$A$939)=0,"",INDEX(Kalkulasi!$AN883:$BE883,Kalkulasi!$A$939)) | I18: =IF(INDEX(Kalkulasi!$D$916:$D$933,Kalkulasi!$A$940)=0,"",INDEX(Kalkulasi!$AN883:$BE883,Kalkulasi!$A$940)) | J18: =IF(INDEX(Kalkulasi!$D$916:$D$933,Kalkulasi!$A$941)=0,"",INDEX(Kalkulasi!$AN883:$BE883,Kalkulasi!$A$941)) | K18: =IF(INDEX(Kalkulasi!$D$916:$D$933,Kalkulasi!$A$942)=0,"",INDEX(Kalkulasi!$AN883:$BE883,Kalkulasi!$A$942)) | L18: =IF(INDEX(Kalkulasi!$D$916:$D$933,Kalkulasi!$A$943)=0,"",INDEX(Kalkulasi!$AN883:$BE883,Kalkulasi!$A$943)) | M18: =IF(INDEX(Kalkulasi!$D$916:$D$933,Kalkulasi!$A$944)=0,"",INDEX(Kalkulasi!$AN883:$BE883,Kalkulasi!$A$944)) | N18: =IF(INDEX(Kalkulasi!$D$916:$D$933,Kalkulasi!$A$945)=0,"",INDEX(Kalkulasi!$AN883:$BE883,Kalkulasi!$A$945)) | O18: =IF(INDEX(Kalkulasi!$D$916:$D$933,Kalkulasi!$A$946)=0,"",INDEX(Kalkulasi!$AN883:$BE883,Kalkulasi!$A$946)) | P18: =IF(INDEX(Kalkulasi!$D$916:$D$933,Kalkulasi!$A$947)=0,"",INDEX(Kalkulasi!$AN883:$BE883,Kalkulasi!$A$947)) | Q18: =IF(INDEX(Kalkulasi!$D$916:$D$933,Kalkulasi!$A$948)=0,"",INDEX(Kalkulasi!$AN883:$BE883,Kalkulasi!$A$948)) | R18: =IF(Kalkulasi!AM883=0,"",Kalkulasi!T883/Kalkulasi!AM883) | S18: =IF(Kalkulasi!T883=0,"",Kalkulasi!T883)
D19: =Kalkulasi!A884 | F19: =IF(INDEX(Kalkulasi!$D$916:$D$933,Kalkulasi!$A$937)=0,"",INDEX(Kalkulasi!$AN884:$BE884,Kalkulasi!$A$937)) | G19: =IF(INDEX(Kalkulasi!$D$916:$D$933,Kalkulasi!$A$938)=0,"",INDEX(Kalkulasi!$AN884:$BE884,Kalkulasi!$A$938)) | H19: =IF(INDEX(Kalkulasi!$D$916:$D$933,Kalkulasi!$A$939)=0,"",INDEX(Kalkulasi!$AN884:$BE884,Kalkulasi!$A$939)) | I19: =IF(INDEX(Kalkulasi!$D$916:$D$933,Kalkulasi!$A$940)=0,"",INDEX(Kalkulasi!$AN884:$BE884,Kalkulasi!$A$940)) | J19: =IF(INDEX(Kalkulasi!$D$916:$D$933,Kalkulasi!$A$941)=0,"",INDEX(Kalkulasi!$AN884:$BE884,Kalkulasi!$A$941)) | K19: =IF(INDEX(Kalkulasi!$D$916:$D$933,Kalkulasi!$A$942)=0,"",INDEX(Kalkulasi!$AN884:$BE884,Kalkulasi!$A$942)) | L19: =IF(INDEX(Kalkulasi!$D$916:$D$933,Kalkulasi!$A$943)=0,"",INDEX(Kalkulasi!$AN884:$BE884,Kalkulasi!$A$943)) | M19: =IF(INDEX(Kalkulasi!$D$916:$D$933,Kalkulasi!$A$944)=0,"",INDEX(Kalkulasi!$AN884:$BE884,Kalkulasi!$A$944)) | N19: =IF(INDEX(Kalkulasi!$D$916:$D$933,Kalkulasi!$A$945)=0,"",INDEX(Kalkulasi!$AN884:$BE884,Kalkulasi!$A$945)) | O19: =IF(INDEX(Kalkulasi!$D$916:$D$933,Kalkulasi!$A$946)=0,"",INDEX(Kalkulasi!$AN884:$BE884,Kalkulasi!$A$946)) | P19: =IF(INDEX(Kalkulasi!$D$916:$D$933,Kalkulasi!$A$947)=0,"",INDEX(Kalkulasi!$AN884:$BE884,Kalkulasi!$A$947)) | Q19: =IF(INDEX(Kalkulasi!$D$916:$D$933,Kalkulasi!$A$948)=0,"",INDEX(Kalkulasi!$AN884:$BE884,Kalkulasi!$A$948)) | R19: =IF(Kalkulasi!AM884=0,"",Kalkulasi!T884/Kalkulasi!AM884) | S19: =IF(Kalkulasi!T884=0,"",Kalkulasi!T884)
B20: DATA | D20: =Kalkulasi!A885 | F20: =IF(INDEX(Kalkulasi!$D$916:$D$933,Kalkulasi!$A$937)=0,"",INDEX(Kalkulasi!$AN885:$BE885,Kalkulasi!$A$937)) | G20: =IF(INDEX(Kalkulasi!$D$916:$D$933,Kalkulasi!$A$938)=0,"",INDEX(Kalkulasi!$AN885:$BE885,Kalkulasi!$A$938)) | H20: =IF(INDEX(Kalkulasi!$D$916:$D$933,Kalkulasi!$A$939)=0,"",INDEX(Kalkulasi!$AN885:$BE885,Kalkulasi!$A$939)) | I20: =IF(INDEX(Kalkulasi!$D$916:$D$933,Kalkulasi!$A$940)=0,"",INDEX(Kalkulasi!$AN885:$BE885,Kalkulasi!$A$940)) | J20: =IF(INDEX(Kalkulasi!$D$916:$D$933,Kalkulasi!$A$941)=0,"",INDEX(Kalkulasi!$AN885:$BE885,Kalkulasi!$A$941)) | K20: =IF(INDEX(Kalkulasi!$D$916:$D$933,Kalkulasi!$A$942)=0,"",INDEX(Kalkulasi!$AN885:$BE885,Kalkulasi!$A$942)) | L20: =IF(INDEX(Kalkulasi!$D$916:$D$933,Kalkulasi!$A$943)=0,"",INDEX(Kalkulasi!$AN885:$BE885,Kalkulasi!$A$943)) | M20: =IF(INDEX(Kalkulasi!$D$916:$D$933,Kalkulasi!$A$944)=0,"",INDEX(Kalkulasi!$AN885:$BE885,Kalkulasi!$A$944)) | N20: =IF(INDEX(Kalkulasi!$D$916:$D$933,Kalkulasi!$A$945)=0,"",INDEX(Kalkulasi!$AN885:$BE885,Kalkulasi!$A$945)) | O20: =IF(INDEX(Kalkulasi!$D$916:$D$933,Kalkulasi!$A$946)=0,"",INDEX(Kalkulasi!$AN885:$BE885,Kalkulasi!$A$946)) | P20: =IF(INDEX(Kalkulasi!$D$916:$D$933,Kalkulasi!$A$947)=0,"",INDEX(Kalkulasi!$AN885:$BE885,Kalkulasi!$A$947)) | Q20: =IF(INDEX(Kalkulasi!$D$916:$D$933,Kalkulasi!$A$948)=0,"",INDEX(Kalkulasi!$AN885:$BE885,Kalkulasi!$A$948)) | R20: =IF(Kalkulasi!AM885=0,"",Kalkulasi!T885/Kalkulasi!AM885) | S20: =IF(Kalkulasi!T885=0,"",Kalkulasi!T885)
B21: =HYPERLINK("#'Master Data'!A1"," Master Data") | D21: =Kalkulasi!A886 | F21: =IF(INDEX(Kalkulasi!$D$916:$D$933,Kalkulasi!$A$937)=0,"",INDEX(Kalkulasi!$AN886:$BE886,Kalkulasi!$A$937)) | G21: =IF(INDEX(Kalkulasi!$D$916:$D$933,Kalkulasi!$A$938)=0,"",INDEX(Kalkulasi!$AN886:$BE886,Kalkulasi!$A$938)) | H21: =IF(INDEX(Kalkulasi!$D$916:$D$933,Kalkulasi!$A$939)=0,"",INDEX(Kalkulasi!$AN886:$BE886,Kalkulasi!$A$939)) | I21: =IF(INDEX(Kalkulasi!$D$916:$D$933,Kalkulasi!$A$940)=0,"",INDEX(Kalkulasi!$AN886:$BE886,Kalkulasi!$A$940)) | J21: =IF(INDEX(Kalkulasi!$D$916:$D$933,Kalkulasi!$A$941)=0,"",INDEX(Kalkulasi!$AN886:$BE886,Kalkulasi!$A$941)) | K21: =IF(INDEX(Kalkulasi!$D$916:$D$933,Kalkulasi!$A$942)=0,"",INDEX(Kalkulasi!$AN886:$BE886,Kalkulasi!$A$942)) | L21: =IF(INDEX(Kalkulasi!$D$916:$D$933,Kalkulasi!$A$943)=0,"",INDEX(Kalkulasi!$AN886:$BE886,Kalkulasi!$A$943)) | M21: =IF(INDEX(Kalkulasi!$D$916:$D$933,Kalkulasi!$A$944)=0,"",INDEX(Kalkulasi!$AN886:$BE886,Kalkulasi!$A$944)) | N21: =IF(INDEX(Kalkulasi!$D$916:$D$933,Kalkulasi!$A$945)=0,"",INDEX(Kalkulasi!$AN886:$BE886,Kalkulasi!$A$945)) | O21: =IF(INDEX(Kalkulasi!$D$916:$D$933,Kalkulasi!$A$946)=0,"",INDEX(Kalkulasi!$AN886:$BE886,Kalkulasi!$A$946)) | P21: =IF(INDEX(Kalkulasi!$D$916:$D$933,Kalkulasi!$A$947)=0,"",INDEX(Kalkulasi!$AN886:$BE886,Kalkulasi!$A$947)) | Q21: =IF(INDEX(Kalkulasi!$D$916:$D$933,Kalkulasi!$A$948)=0,"",INDEX(Kalkulasi!$AN886:$BE886,Kalkulasi!$A$948)) | R21: =IF(Kalkulasi!AM886=0,"",Kalkulasi!T886/Kalkulasi!AM886) | S21: =IF(Kalkulasi!T886=0,"",Kalkulasi!T886)
B22: =HYPERLINK("#DATA_TS!A1"," Tabel timesheet ↗") | D22: =Kalkulasi!A887 | F22: =IF(INDEX(Kalkulasi!$D$916:$D$933,Kalkulasi!$A$937)=0,"",INDEX(Kalkulasi!$AN887:$BE887,Kalkulasi!$A$937)) | G22: =IF(INDEX(Kalkulasi!$D$916:$D$933,Kalkulasi!$A$938)=0,"",INDEX(Kalkulasi!$AN887:$BE887,Kalkulasi!$A$938)) | H22: =IF(INDEX(Kalkulasi!$D$916:$D$933,Kalkulasi!$A$939)=0,"",INDEX(Kalkulasi!$AN887:$BE887,Kalkulasi!$A$939)) | I22: =IF(INDEX(Kalkulasi!$D$916:$D$933,Kalkulasi!$A$940)=0,"",INDEX(Kalkulasi!$AN887:$BE887,Kalkulasi!$A$940)) | J22: =IF(INDEX(Kalkulasi!$D$916:$D$933,Kalkulasi!$A$941)=0,"",INDEX(Kalkulasi!$AN887:$BE887,Kalkulasi!$A$941)) | K22: =IF(INDEX(Kalkulasi!$D$916:$D$933,Kalkulasi!$A$942)=0,"",INDEX(Kalkulasi!$AN887:$BE887,Kalkulasi!$A$942)) | L22: =IF(INDEX(Kalkulasi!$D$916:$D$933,Kalkulasi!$A$943)=0,"",INDEX(Kalkulasi!$AN887:$BE887,Kalkulasi!$A$943)) | M22: =IF(INDEX(Kalkulasi!$D$916:$D$933,Kalkulasi!$A$944)=0,"",INDEX(Kalkulasi!$AN887:$BE887,Kalkulasi!$A$944)) | N22: =IF(INDEX(Kalkulasi!$D$916:$D$933,Kalkulasi!$A$945)=0,"",INDEX(Kalkulasi!$AN887:$BE887,Kalkulasi!$A$945)) | O22: =IF(INDEX(Kalkulasi!$D$916:$D$933,Kalkulasi!$A$946)=0,"",INDEX(Kalkulasi!$AN887:$BE887,Kalkulasi!$A$946)) | P22: =IF(INDEX(Kalkulasi!$D$916:$D$933,Kalkulasi!$A$947)=0,"",INDEX(Kalkulasi!$AN887:$BE887,Kalkulasi!$A$947)) | Q22: =IF(INDEX(Kalkulasi!$D$916:$D$933,Kalkulasi!$A$948)=0,"",INDEX(Kalkulasi!$AN887:$BE887,Kalkulasi!$A$948)) | R22: =IF(Kalkulasi!AM887=0,"",Kalkulasi!T887/Kalkulasi!AM887) | S22: =IF(Kalkulasi!T887=0,"",Kalkulasi!T887)
B23: =HYPERLINK("#DATA_FUEL!A1"," Tabel fuel ↗") | D23: =Kalkulasi!A888 | F23: =IF(INDEX(Kalkulasi!$D$916:$D$933,Kalkulasi!$A$937)=0,"",INDEX(Kalkulasi!$AN888:$BE888,Kalkulasi!$A$937)) | G23: =IF(INDEX(Kalkulasi!$D$916:$D$933,Kalkulasi!$A$938)=0,"",INDEX(Kalkulasi!$AN888:$BE888,Kalkulasi!$A$938)) | H23: =IF(INDEX(Kalkulasi!$D$916:$D$933,Kalkulasi!$A$939)=0,"",INDEX(Kalkulasi!$AN888:$BE888,Kalkulasi!$A$939)) | I23: =IF(INDEX(Kalkulasi!$D$916:$D$933,Kalkulasi!$A$940)=0,"",INDEX(Kalkulasi!$AN888:$BE888,Kalkulasi!$A$940)) | J23: =IF(INDEX(Kalkulasi!$D$916:$D$933,Kalkulasi!$A$941)=0,"",INDEX(Kalkulasi!$AN888:$BE888,Kalkulasi!$A$941)) | K23: =IF(INDEX(Kalkulasi!$D$916:$D$933,Kalkulasi!$A$942)=0,"",INDEX(Kalkulasi!$AN888:$BE888,Kalkulasi!$A$942)) | L23: =IF(INDEX(Kalkulasi!$D$916:$D$933,Kalkulasi!$A$943)=0,"",INDEX(Kalkulasi!$AN888:$BE888,Kalkulasi!$A$943)) | M23: =IF(INDEX(Kalkulasi!$D$916:$D$933,Kalkulasi!$A$944)=0,"",INDEX(Kalkulasi!$AN888:$BE888,Kalkulasi!$A$944)) | N23: =IF(INDEX(Kalkulasi!$D$916:$D$933,Kalkulasi!$A$945)=0,"",INDEX(Kalkulasi!$AN888:$BE888,Kalkulasi!$A$945)) | O23: =IF(INDEX(Kalkulasi!$D$916:$D$933,Kalkulasi!$A$946)=0,"",INDEX(Kalkulasi!$AN888:$BE888,Kalkulasi!$A$946)) | P23: =IF(INDEX(Kalkulasi!$D$916:$D$933,Kalkulasi!$A$947)=0,"",INDEX(Kalkulasi!$AN888:$BE888,Kalkulasi!$A$947)) | Q23: =IF(INDEX(Kalkulasi!$D$916:$D$933,Kalkulasi!$A$948)=0,"",INDEX(Kalkulasi!$AN888:$BE888,Kalkulasi!$A$948)) | R23: =IF(Kalkulasi!AM888=0,"",Kalkulasi!T888/Kalkulasi!AM888) | S23: =IF(Kalkulasi!T888=0,"",Kalkulasi!T888)
D24: =Kalkulasi!A889 | F24: =IF(INDEX(Kalkulasi!$D$916:$D$933,Kalkulasi!$A$937)=0,"",INDEX(Kalkulasi!$AN889:$BE889,Kalkulasi!$A$937)) | G24: =IF(INDEX(Kalkulasi!$D$916:$D$933,Kalkulasi!$A$938)=0,"",INDEX(Kalkulasi!$AN889:$BE889,Kalkulasi!$A$938)) | H24: =IF(INDEX(Kalkulasi!$D$916:$D$933,Kalkulasi!$A$939)=0,"",INDEX(Kalkulasi!$AN889:$BE889,Kalkulasi!$A$939)) | I24: =IF(INDEX(Kalkulasi!$D$916:$D$933,Kalkulasi!$A$940)=0,"",INDEX(Kalkulasi!$AN889:$BE889,Kalkulasi!$A$940)) | J24: =IF(INDEX(Kalkulasi!$D$916:$D$933,Kalkulasi!$A$941)=0,"",INDEX(Kalkulasi!$AN889:$BE889,Kalkulasi!$A$941)) | K24: =IF(INDEX(Kalkulasi!$D$916:$D$933,Kalkulasi!$A$942)=0,"",INDEX(Kalkulasi!$AN889:$BE889,Kalkulasi!$A$942)) | L24: =IF(INDEX(Kalkulasi!$D$916:$D$933,Kalkulasi!$A$943)=0,"",INDEX(Kalkulasi!$AN889:$BE889,Kalkulasi!$A$943)) | M24: =IF(INDEX(Kalkulasi!$D$916:$D$933,Kalkulasi!$A$944)=0,"",INDEX(Kalkulasi!$AN889:$BE889,Kalkulasi!$A$944)) | N24: =IF(INDEX(Kalkulasi!$D$916:$D$933,Kalkulasi!$A$945)=0,"",INDEX(Kalkulasi!$AN889:$BE889,Kalkulasi!$A$945)) | O24: =IF(INDEX(Kalkulasi!$D$916:$D$933,Kalkulasi!$A$946)=0,"",INDEX(Kalkulasi!$AN889:$BE889,Kalkulasi!$A$946)) | P24: =IF(INDEX(Kalkulasi!$D$916:$D$933,Kalkulasi!$A$947)=0,"",INDEX(Kalkulasi!$AN889:$BE889,Kalkulasi!$A$947)) | Q24: =IF(INDEX(Kalkulasi!$D$916:$D$933,Kalkulasi!$A$948)=0,"",INDEX(Kalkulasi!$AN889:$BE889,Kalkulasi!$A$948)) | R24: =IF(Kalkulasi!AM889=0,"",Kalkulasi!T889/Kalkulasi!AM889) | S24: =IF(Kalkulasi!T889=0,"",Kalkulasi!T889)
B25: LAINNYA | D25: =Kalkulasi!A890 | F25: =IF(INDEX(Kalkulasi!$D$916:$D$933,Kalkulasi!$A$937)=0,"",INDEX(Kalkulasi!$AN890:$BE890,Kalkulasi!$A$937)) | G25: =IF(INDEX(Kalkulasi!$D$916:$D$933,Kalkulasi!$A$938)=0,"",INDEX(Kalkulasi!$AN890:$BE890,Kalkulasi!$A$938)) | H25: =IF(INDEX(Kalkulasi!$D$916:$D$933,Kalkulasi!$A$939)=0,"",INDEX(Kalkulasi!$AN890:$BE890,Kalkulasi!$A$939)) | I25: =IF(INDEX(Kalkulasi!$D$916:$D$933,Kalkulasi!$A$940)=0,"",INDEX(Kalkulasi!$AN890:$BE890,Kalkulasi!$A$940)) | J25: =IF(INDEX(Kalkulasi!$D$916:$D$933,Kalkulasi!$A$941)=0,"",INDEX(Kalkulasi!$AN890:$BE890,Kalkulasi!$A$941)) | K25: =IF(INDEX(Kalkulasi!$D$916:$D$933,Kalkulasi!$A$942)=0,"",INDEX(Kalkulasi!$AN890:$BE890,Kalkulasi!$A$942)) | L25: =IF(INDEX(Kalkulasi!$D$916:$D$933,Kalkulasi!$A$943)=0,"",INDEX(Kalkulasi!$AN890:$BE890,Kalkulasi!$A$943)) | M25: =IF(INDEX(Kalkulasi!$D$916:$D$933,Kalkulasi!$A$944)=0,"",INDEX(Kalkulasi!$AN890:$BE890,Kalkulasi!$A$944)) | N25: =IF(INDEX(Kalkulasi!$D$916:$D$933,Kalkulasi!$A$945)=0,"",INDEX(Kalkulasi!$AN890:$BE890,Kalkulasi!$A$945)) | O25: =IF(INDEX(Kalkulasi!$D$916:$D$933,Kalkulasi!$A$946)=0,"",INDEX(Kalkulasi!$AN890:$BE890,Kalkulasi!$A$946)) | P25: =IF(INDEX(Kalkulasi!$D$916:$D$933,Kalkulasi!$A$947)=0,"",INDEX(Kalkulasi!$AN890:$BE890,Kalkulasi!$A$947)) | Q25: =IF(INDEX(Kalkulasi!$D$916:$D$933,Kalkulasi!$A$948)=0,"",INDEX(Kalkulasi!$AN890:$BE890,Kalkulasi!$A$948)) | R25: =IF(Kalkulasi!AM890=0,"",Kalkulasi!T890/Kalkulasi!AM890) | S25: =IF(Kalkulasi!T890=0,"",Kalkulasi!T890)
B26: =HYPERLINK("#Panduan!A1"," Panduan") | D26: =Kalkulasi!A891 | F26: =IF(INDEX(Kalkulasi!$D$916:$D$933,Kalkulasi!$A$937)=0,"",INDEX(Kalkulasi!$AN891:$BE891,Kalkulasi!$A$937)) | G26: =IF(INDEX(Kalkulasi!$D$916:$D$933,Kalkulasi!$A$938)=0,"",INDEX(Kalkulasi!$AN891:$BE891,Kalkulasi!$A$938)) | H26: =IF(INDEX(Kalkulasi!$D$916:$D$933,Kalkulasi!$A$939)=0,"",INDEX(Kalkulasi!$AN891:$BE891,Kalkulasi!$A$939)) | I26: =IF(INDEX(Kalkulasi!$D$916:$D$933,Kalkulasi!$A$940)=0,"",INDEX(Kalkulasi!$AN891:$BE891,Kalkulasi!$A$940)) | J26: =IF(INDEX(Kalkulasi!$D$916:$D$933,Kalkulasi!$A$941)=0,"",INDEX(Kalkulasi!$AN891:$BE891,Kalkulasi!$A$941)) | K26: =IF(INDEX(Kalkulasi!$D$916:$D$933,Kalkulasi!$A$942)=0,"",INDEX(Kalkulasi!$AN891:$BE891,Kalkulasi!$A$942)) | L26: =IF(INDEX(Kalkulasi!$D$916:$D$933,Kalkulasi!$A$943)=0,"",INDEX(Kalkulasi!$AN891:$BE891,Kalkulasi!$A$943)) | M26: =IF(INDEX(Kalkulasi!$D$916:$D$933,Kalkulasi!$A$944)=0,"",INDEX(Kalkulasi!$AN891:$BE891,Kalkulasi!$A$944)) | N26: =IF(INDEX(Kalkulasi!$D$916:$D$933,Kalkulasi!$A$945)=0,"",INDEX(Kalkulasi!$AN891:$BE891,Kalkulasi!$A$945)) | O26: =IF(INDEX(Kalkulasi!$D$916:$D$933,Kalkulasi!$A$946)=0,"",INDEX(Kalkulasi!$AN891:$BE891,Kalkulasi!$A$946)) | P26: =IF(INDEX(Kalkulasi!$D$916:$D$933,Kalkulasi!$A$947)=0,"",INDEX(Kalkulasi!$AN891:$BE891,Kalkulasi!$A$947)) | Q26: =IF(INDEX(Kalkulasi!$D$916:$D$933,Kalkulasi!$A$948)=0,"",INDEX(Kalkulasi!$AN891:$BE891,Kalkulasi!$A$948)) | R26: =IF(Kalkulasi!AM891=0,"",Kalkulasi!T891/Kalkulasi!AM891) | S26: =IF(Kalkulasi!T891=0,"",Kalkulasi!T891)
B27: =HYPERLINK("#Parameter!A1"," Target & parameter") | D27: =Kalkulasi!A892 | F27: =IF(INDEX(Kalkulasi!$D$916:$D$933,Kalkulasi!$A$937)=0,"",INDEX(Kalkulasi!$AN892:$BE892,Kalkulasi!$A$937)) | G27: =IF(INDEX(Kalkulasi!$D$916:$D$933,Kalkulasi!$A$938)=0,"",INDEX(Kalkulasi!$AN892:$BE892,Kalkulasi!$A$938)) | H27: =IF(INDEX(Kalkulasi!$D$916:$D$933,Kalkulasi!$A$939)=0,"",INDEX(Kalkulasi!$AN892:$BE892,Kalkulasi!$A$939)) | I27: =IF(INDEX(Kalkulasi!$D$916:$D$933,Kalkulasi!$A$940)=0,"",INDEX(Kalkulasi!$AN892:$BE892,Kalkulasi!$A$940)) | J27: =IF(INDEX(Kalkulasi!$D$916:$D$933,Kalkulasi!$A$941)=0,"",INDEX(Kalkulasi!$AN892:$BE892,Kalkulasi!$A$941)) | K27: =IF(INDEX(Kalkulasi!$D$916:$D$933,Kalkulasi!$A$942)=0,"",INDEX(Kalkulasi!$AN892:$BE892,Kalkulasi!$A$942)) | L27: =IF(INDEX(Kalkulasi!$D$916:$D$933,Kalkulasi!$A$943)=0,"",INDEX(Kalkulasi!$AN892:$BE892,Kalkulasi!$A$943)) | M27: =IF(INDEX(Kalkulasi!$D$916:$D$933,Kalkulasi!$A$944)=0,"",INDEX(Kalkulasi!$AN892:$BE892,Kalkulasi!$A$944)) | N27: =IF(INDEX(Kalkulasi!$D$916:$D$933,Kalkulasi!$A$945)=0,"",INDEX(Kalkulasi!$AN892:$BE892,Kalkulasi!$A$945)) | O27: =IF(INDEX(Kalkulasi!$D$916:$D$933,Kalkulasi!$A$946)=0,"",INDEX(Kalkulasi!$AN892:$BE892,Kalkulasi!$A$946)) | P27: =IF(INDEX(Kalkulasi!$D$916:$D$933,Kalkulasi!$A$947)=0,"",INDEX(Kalkulasi!$AN892:$BE892,Kalkulasi!$A$947)) | Q27: =IF(INDEX(Kalkulasi!$D$916:$D$933,Kalkulasi!$A$948)=0,"",INDEX(Kalkulasi!$AN892:$BE892,Kalkulasi!$A$948)) | R27: =IF(Kalkulasi!AM892=0,"",Kalkulasi!T892/Kalkulasi!AM892) | S27: =IF(Kalkulasi!T892=0,"",Kalkulasi!T892)
B28: =HYPERLINK("#MASTER_JAM!A1"," Faktor, target & MF") | D28: =Kalkulasi!A893 | F28: =IF(INDEX(Kalkulasi!$D$916:$D$933,Kalkulasi!$A$937)=0,"",INDEX(Kalkulasi!$AN893:$BE893,Kalkulasi!$A$937)) | G28: =IF(INDEX(Kalkulasi!$D$916:$D$933,Kalkulasi!$A$938)=0,"",INDEX(Kalkulasi!$AN893:$BE893,Kalkulasi!$A$938)) | H28: =IF(INDEX(Kalkulasi!$D$916:$D$933,Kalkulasi!$A$939)=0,"",INDEX(Kalkulasi!$AN893:$BE893,Kalkulasi!$A$939)) | I28: =IF(INDEX(Kalkulasi!$D$916:$D$933,Kalkulasi!$A$940)=0,"",INDEX(Kalkulasi!$AN893:$BE893,Kalkulasi!$A$940)) | J28: =IF(INDEX(Kalkulasi!$D$916:$D$933,Kalkulasi!$A$941)=0,"",INDEX(Kalkulasi!$AN893:$BE893,Kalkulasi!$A$941)) | K28: =IF(INDEX(Kalkulasi!$D$916:$D$933,Kalkulasi!$A$942)=0,"",INDEX(Kalkulasi!$AN893:$BE893,Kalkulasi!$A$942)) | L28: =IF(INDEX(Kalkulasi!$D$916:$D$933,Kalkulasi!$A$943)=0,"",INDEX(Kalkulasi!$AN893:$BE893,Kalkulasi!$A$943)) | M28: =IF(INDEX(Kalkulasi!$D$916:$D$933,Kalkulasi!$A$944)=0,"",INDEX(Kalkulasi!$AN893:$BE893,Kalkulasi!$A$944)) | N28: =IF(INDEX(Kalkulasi!$D$916:$D$933,Kalkulasi!$A$945)=0,"",INDEX(Kalkulasi!$AN893:$BE893,Kalkulasi!$A$945)) | O28: =IF(INDEX(Kalkulasi!$D$916:$D$933,Kalkulasi!$A$946)=0,"",INDEX(Kalkulasi!$AN893:$BE893,Kalkulasi!$A$946)) | P28: =IF(INDEX(Kalkulasi!$D$916:$D$933,Kalkulasi!$A$947)=0,"",INDEX(Kalkulasi!$AN893:$BE893,Kalkulasi!$A$947)) | Q28: =IF(INDEX(Kalkulasi!$D$916:$D$933,Kalkulasi!$A$948)=0,"",INDEX(Kalkulasi!$AN893:$BE893,Kalkulasi!$A$948)) | R28: =IF(Kalkulasi!AM893=0,"",Kalkulasi!T893/Kalkulasi!AM893) | S28: =IF(Kalkulasi!T893=0,"",Kalkulasi!T893)
D29: =Kalkulasi!A894 | F29: =IF(INDEX(Kalkulasi!$D$916:$D$933,Kalkulasi!$A$937)=0,"",INDEX(Kalkulasi!$AN894:$BE894,Kalkulasi!$A$937)) | G29: =IF(INDEX(Kalkulasi!$D$916:$D$933,Kalkulasi!$A$938)=0,"",INDEX(Kalkulasi!$AN894:$BE894,Kalkulasi!$A$938)) | H29: =IF(INDEX(Kalkulasi!$D$916:$D$933,Kalkulasi!$A$939)=0,"",INDEX(Kalkulasi!$AN894:$BE894,Kalkulasi!$A$939)) | I29: =IF(INDEX(Kalkulasi!$D$916:$D$933,Kalkulasi!$A$940)=0,"",INDEX(Kalkulasi!$AN894:$BE894,Kalkulasi!$A$940)) | J29: =IF(INDEX(Kalkulasi!$D$916:$D$933,Kalkulasi!$A$941)=0,"",INDEX(Kalkulasi!$AN894:$BE894,Kalkulasi!$A$941)) | K29: =IF(INDEX(Kalkulasi!$D$916:$D$933,Kalkulasi!$A$942)=0,"",INDEX(Kalkulasi!$AN894:$BE894,Kalkulasi!$A$942)) | L29: =IF(INDEX(Kalkulasi!$D$916:$D$933,Kalkulasi!$A$943)=0,"",INDEX(Kalkulasi!$AN894:$BE894,Kalkulasi!$A$943)) | M29: =IF(INDEX(Kalkulasi!$D$916:$D$933,Kalkulasi!$A$944)=0,"",INDEX(Kalkulasi!$AN894:$BE894,Kalkulasi!$A$944)) | N29: =IF(INDEX(Kalkulasi!$D$916:$D$933,Kalkulasi!$A$945)=0,"",INDEX(Kalkulasi!$AN894:$BE894,Kalkulasi!$A$945)) | O29: =IF(INDEX(Kalkulasi!$D$916:$D$933,Kalkulasi!$A$946)=0,"",INDEX(Kalkulasi!$AN894:$BE894,Kalkulasi!$A$946)) | P29: =IF(INDEX(Kalkulasi!$D$916:$D$933,Kalkulasi!$A$947)=0,"",INDEX(Kalkulasi!$AN894:$BE894,Kalkulasi!$A$947)) | Q29: =IF(INDEX(Kalkulasi!$D$916:$D$933,Kalkulasi!$A$948)=0,"",INDEX(Kalkulasi!$AN894:$BE894,Kalkulasi!$A$948)) | R29: =IF(Kalkulasi!AM894=0,"",Kalkulasi!T894/Kalkulasi!AM894) | S29: =IF(Kalkulasi!T894=0,"",Kalkulasi!T894)
D30: =Kalkulasi!A895 | F30: =IF(INDEX(Kalkulasi!$D$916:$D$933,Kalkulasi!$A$937)=0,"",INDEX(Kalkulasi!$AN895:$BE895,Kalkulasi!$A$937)) | G30: =IF(INDEX(Kalkulasi!$D$916:$D$933,Kalkulasi!$A$938)=0,"",INDEX(Kalkulasi!$AN895:$BE895,Kalkulasi!$A$938)) | H30: =IF(INDEX(Kalkulasi!$D$916:$D$933,Kalkulasi!$A$939)=0,"",INDEX(Kalkulasi!$AN895:$BE895,Kalkulasi!$A$939)) | I30: =IF(INDEX(Kalkulasi!$D$916:$D$933,Kalkulasi!$A$940)=0,"",INDEX(Kalkulasi!$AN895:$BE895,Kalkulasi!$A$940)) | J30: =IF(INDEX(Kalkulasi!$D$916:$D$933,Kalkulasi!$A$941)=0,"",INDEX(Kalkulasi!$AN895:$BE895,Kalkulasi!$A$941)) | K30: =IF(INDEX(Kalkulasi!$D$916:$D$933,Kalkulasi!$A$942)=0,"",INDEX(Kalkulasi!$AN895:$BE895,Kalkulasi!$A$942)) | L30: =IF(INDEX(Kalkulasi!$D$916:$D$933,Kalkulasi!$A$943)=0,"",INDEX(Kalkulasi!$AN895:$BE895,Kalkulasi!$A$943)) | M30: =IF(INDEX(Kalkulasi!$D$916:$D$933,Kalkulasi!$A$944)=0,"",INDEX(Kalkulasi!$AN895:$BE895,Kalkulasi!$A$944)) | N30: =IF(INDEX(Kalkulasi!$D$916:$D$933,Kalkulasi!$A$945)=0,"",INDEX(Kalkulasi!$AN895:$BE895,Kalkulasi!$A$945)) | O30: =IF(INDEX(Kalkulasi!$D$916:$D$933,Kalkulasi!$A$946)=0,"",INDEX(Kalkulasi!$AN895:$BE895,Kalkulasi!$A$946)) | P30: =IF(INDEX(Kalkulasi!$D$916:$D$933,Kalkulasi!$A$947)=0,"",INDEX(Kalkulasi!$AN895:$BE895,Kalkulasi!$A$947)) | Q30: =IF(INDEX(Kalkulasi!$D$916:$D$933,Kalkulasi!$A$948)=0,"",INDEX(Kalkulasi!$AN895:$BE895,Kalkulasi!$A$948)) | R30: =IF(Kalkulasi!AM895=0,"",Kalkulasi!T895/Kalkulasi!AM895) | S30: =IF(Kalkulasi!T895=0,"",Kalkulasi!T895)
D31: =Kalkulasi!A896 | F31: =IF(INDEX(Kalkulasi!$D$916:$D$933,Kalkulasi!$A$937)=0,"",INDEX(Kalkulasi!$AN896:$BE896,Kalkulasi!$A$937)) | G31: =IF(INDEX(Kalkulasi!$D$916:$D$933,Kalkulasi!$A$938)=0,"",INDEX(Kalkulasi!$AN896:$BE896,Kalkulasi!$A$938)) | H31: =IF(INDEX(Kalkulasi!$D$916:$D$933,Kalkulasi!$A$939)=0,"",INDEX(Kalkulasi!$AN896:$BE896,Kalkulasi!$A$939)) | I31: =IF(INDEX(Kalkulasi!$D$916:$D$933,Kalkulasi!$A$940)=0,"",INDEX(Kalkulasi!$AN896:$BE896,Kalkulasi!$A$940)) | J31: =IF(INDEX(Kalkulasi!$D$916:$D$933,Kalkulasi!$A$941)=0,"",INDEX(Kalkulasi!$AN896:$BE896,Kalkulasi!$A$941)) | K31: =IF(INDEX(Kalkulasi!$D$916:$D$933,Kalkulasi!$A$942)=0,"",INDEX(Kalkulasi!$AN896:$BE896,Kalkulasi!$A$942)) | L31: =IF(INDEX(Kalkulasi!$D$916:$D$933,Kalkulasi!$A$943)=0,"",INDEX(Kalkulasi!$AN896:$BE896,Kalkulasi!$A$943)) | M31: =IF(INDEX(Kalkulasi!$D$916:$D$933,Kalkulasi!$A$944)=0,"",INDEX(Kalkulasi!$AN896:$BE896,Kalkulasi!$A$944)) | N31: =IF(INDEX(Kalkulasi!$D$916:$D$933,Kalkulasi!$A$945)=0,"",INDEX(Kalkulasi!$AN896:$BE896,Kalkulasi!$A$945)) | O31: =IF(INDEX(Kalkulasi!$D$916:$D$933,Kalkulasi!$A$946)=0,"",INDEX(Kalkulasi!$AN896:$BE896,Kalkulasi!$A$946)) | P31: =IF(INDEX(Kalkulasi!$D$916:$D$933,Kalkulasi!$A$947)=0,"",INDEX(Kalkulasi!$AN896:$BE896,Kalkulasi!$A$947)) | Q31: =IF(INDEX(Kalkulasi!$D$916:$D$933,Kalkulasi!$A$948)=0,"",INDEX(Kalkulasi!$AN896:$BE896,Kalkulasi!$A$948)) | R31: =IF(Kalkulasi!AM896=0,"",Kalkulasi!T896/Kalkulasi!AM896) | S31: =IF(Kalkulasi!T896=0,"",Kalkulasi!T896)
D32: =Kalkulasi!A897 | F32: =IF(INDEX(Kalkulasi!$D$916:$D$933,Kalkulasi!$A$937)=0,"",INDEX(Kalkulasi!$AN897:$BE897,Kalkulasi!$A$937)) | G32: =IF(INDEX(Kalkulasi!$D$916:$D$933,Kalkulasi!$A$938)=0,"",INDEX(Kalkulasi!$AN897:$BE897,Kalkulasi!$A$938)) | H32: =IF(INDEX(Kalkulasi!$D$916:$D$933,Kalkulasi!$A$939)=0,"",INDEX(Kalkulasi!$AN897:$BE897,Kalkulasi!$A$939)) | I32: =IF(INDEX(Kalkulasi!$D$916:$D$933,Kalkulasi!$A$940)=0,"",INDEX(Kalkulasi!$AN897:$BE897,Kalkulasi!$A$940)) | J32: =IF(INDEX(Kalkulasi!$D$916:$D$933,Kalkulasi!$A$941)=0,"",INDEX(Kalkulasi!$AN897:$BE897,Kalkulasi!$A$941)) | K32: =IF(INDEX(Kalkulasi!$D$916:$D$933,Kalkulasi!$A$942)=0,"",INDEX(Kalkulasi!$AN897:$BE897,Kalkulasi!$A$942)) | L32: =IF(INDEX(Kalkulasi!$D$916:$D$933,Kalkulasi!$A$943)=0,"",INDEX(Kalkulasi!$AN897:$BE897,Kalkulasi!$A$943)) | M32: =IF(INDEX(Kalkulasi!$D$916:$D$933,Kalkulasi!$A$944)=0,"",INDEX(Kalkulasi!$AN897:$BE897,Kalkulasi!$A$944)) | N32: =IF(INDEX(Kalkulasi!$D$916:$D$933,Kalkulasi!$A$945)=0,"",INDEX(Kalkulasi!$AN897:$BE897,Kalkulasi!$A$945)) | O32: =IF(INDEX(Kalkulasi!$D$916:$D$933,Kalkulasi!$A$946)=0,"",INDEX(Kalkulasi!$AN897:$BE897,Kalkulasi!$A$946)) | P32: =IF(INDEX(Kalkulasi!$D$916:$D$933,Kalkulasi!$A$947)=0,"",INDEX(Kalkulasi!$AN897:$BE897,Kalkulasi!$A$947)) | Q32: =IF(INDEX(Kalkulasi!$D$916:$D$933,Kalkulasi!$A$948)=0,"",INDEX(Kalkulasi!$AN897:$BE897,Kalkulasi!$A$948)) | R32: =IF(Kalkulasi!AM897=0,"",Kalkulasi!T897/Kalkulasi!AM897) | S32: =IF(Kalkulasi!T897=0,"",Kalkulasi!T897)
B33: Data dummy · Coal Project | D33: =Kalkulasi!A898 | F33: =IF(INDEX(Kalkulasi!$D$916:$D$933,Kalkulasi!$A$937)=0,"",INDEX(Kalkulasi!$AN898:$BE898,Kalkulasi!$A$937)) | G33: =IF(INDEX(Kalkulasi!$D$916:$D$933,Kalkulasi!$A$938)=0,"",INDEX(Kalkulasi!$AN898:$BE898,Kalkulasi!$A$938)) | H33: =IF(INDEX(Kalkulasi!$D$916:$D$933,Kalkulasi!$A$939)=0,"",INDEX(Kalkulasi!$AN898:$BE898,Kalkulasi!$A$939)) | I33: =IF(INDEX(Kalkulasi!$D$916:$D$933,Kalkulasi!$A$940)=0,"",INDEX(Kalkulasi!$AN898:$BE898,Kalkulasi!$A$940)) | J33: =IF(INDEX(Kalkulasi!$D$916:$D$933,Kalkulasi!$A$941)=0,"",INDEX(Kalkulasi!$AN898:$BE898,Kalkulasi!$A$941)) | K33: =IF(INDEX(Kalkulasi!$D$916:$D$933,Kalkulasi!$A$942)=0,"",INDEX(Kalkulasi!$AN898:$BE898,Kalkulasi!$A$942)) | L33: =IF(INDEX(Kalkulasi!$D$916:$D$933,Kalkulasi!$A$943)=0,"",INDEX(Kalkulasi!$AN898:$BE898,Kalkulasi!$A$943)) | M33: =IF(INDEX(Kalkulasi!$D$916:$D$933,Kalkulasi!$A$944)=0,"",INDEX(Kalkulasi!$AN898:$BE898,Kalkulasi!$A$944)) | N33: =IF(INDEX(Kalkulasi!$D$916:$D$933,Kalkulasi!$A$945)=0,"",INDEX(Kalkulasi!$AN898:$BE898,Kalkulasi!$A$945)) | O33: =IF(INDEX(Kalkulasi!$D$916:$D$933,Kalkulasi!$A$946)=0,"",INDEX(Kalkulasi!$AN898:$BE898,Kalkulasi!$A$946)) | P33: =IF(INDEX(Kalkulasi!$D$916:$D$933,Kalkulasi!$A$947)=0,"",INDEX(Kalkulasi!$AN898:$BE898,Kalkulasi!$A$947)) | Q33: =IF(INDEX(Kalkulasi!$D$916:$D$933,Kalkulasi!$A$948)=0,"",INDEX(Kalkulasi!$AN898:$BE898,Kalkulasi!$A$948)) | R33: =IF(Kalkulasi!AM898=0,"",Kalkulasi!T898/Kalkulasi!AM898) | S33: =IF(Kalkulasi!T898=0,"",Kalkulasi!T898)
B34: Simulasi unit per shift, | D34: =Kalkulasi!A899 | F34: =IF(INDEX(Kalkulasi!$D$916:$D$933,Kalkulasi!$A$937)=0,"",INDEX(Kalkulasi!$AN899:$BE899,Kalkulasi!$A$937)) | G34: =IF(INDEX(Kalkulasi!$D$916:$D$933,Kalkulasi!$A$938)=0,"",INDEX(Kalkulasi!$AN899:$BE899,Kalkulasi!$A$938)) | H34: =IF(INDEX(Kalkulasi!$D$916:$D$933,Kalkulasi!$A$939)=0,"",INDEX(Kalkulasi!$AN899:$BE899,Kalkulasi!$A$939)) | I34: =IF(INDEX(Kalkulasi!$D$916:$D$933,Kalkulasi!$A$940)=0,"",INDEX(Kalkulasi!$AN899:$BE899,Kalkulasi!$A$940)) | J34: =IF(INDEX(Kalkulasi!$D$916:$D$933,Kalkulasi!$A$941)=0,"",INDEX(Kalkulasi!$AN899:$BE899,Kalkulasi!$A$941)) | K34: =IF(INDEX(Kalkulasi!$D$916:$D$933,Kalkulasi!$A$942)=0,"",INDEX(Kalkulasi!$AN899:$BE899,Kalkulasi!$A$942)) | L34: =IF(INDEX(Kalkulasi!$D$916:$D$933,Kalkulasi!$A$943)=0,"",INDEX(Kalkulasi!$AN899:$BE899,Kalkulasi!$A$943)) | M34: =IF(INDEX(Kalkulasi!$D$916:$D$933,Kalkulasi!$A$944)=0,"",INDEX(Kalkulasi!$AN899:$BE899,Kalkulasi!$A$944)) | N34: =IF(INDEX(Kalkulasi!$D$916:$D$933,Kalkulasi!$A$945)=0,"",INDEX(Kalkulasi!$AN899:$BE899,Kalkulasi!$A$945)) | O34: =IF(INDEX(Kalkulasi!$D$916:$D$933,Kalkulasi!$A$946)=0,"",INDEX(Kalkulasi!$AN899:$BE899,Kalkulasi!$A$946)) | P34: =IF(INDEX(Kalkulasi!$D$916:$D$933,Kalkulasi!$A$947)=0,"",INDEX(Kalkulasi!$AN899:$BE899,Kalkulasi!$A$947)) | Q34: =IF(INDEX(Kalkulasi!$D$916:$D$933,Kalkulasi!$A$948)=0,"",INDEX(Kalkulasi!$AN899:$BE899,Kalkulasi!$A$948)) | R34: =IF(Kalkulasi!AM899=0,"",Kalkulasi!T899/Kalkulasi!AM899) | S34: =IF(Kalkulasi!T899=0,"",Kalkulasi!T899)
B35: Maret 2026. Bukan data | D35: =Kalkulasi!A900 | F35: =IF(INDEX(Kalkulasi!$D$916:$D$933,Kalkulasi!$A$937)=0,"",INDEX(Kalkulasi!$AN900:$BE900,Kalkulasi!$A$937)) | G35: =IF(INDEX(Kalkulasi!$D$916:$D$933,Kalkulasi!$A$938)=0,"",INDEX(Kalkulasi!$AN900:$BE900,Kalkulasi!$A$938)) | H35: =IF(INDEX(Kalkulasi!$D$916:$D$933,Kalkulasi!$A$939)=0,"",INDEX(Kalkulasi!$AN900:$BE900,Kalkulasi!$A$939)) | I35: =IF(INDEX(Kalkulasi!$D$916:$D$933,Kalkulasi!$A$940)=0,"",INDEX(Kalkulasi!$AN900:$BE900,Kalkulasi!$A$940)) | J35: =IF(INDEX(Kalkulasi!$D$916:$D$933,Kalkulasi!$A$941)=0,"",INDEX(Kalkulasi!$AN900:$BE900,Kalkulasi!$A$941)) | K35: =IF(INDEX(Kalkulasi!$D$916:$D$933,Kalkulasi!$A$942)=0,"",INDEX(Kalkulasi!$AN900:$BE900,Kalkulasi!$A$942)) | L35: =IF(INDEX(Kalkulasi!$D$916:$D$933,Kalkulasi!$A$943)=0,"",INDEX(Kalkulasi!$AN900:$BE900,Kalkulasi!$A$943)) | M35: =IF(INDEX(Kalkulasi!$D$916:$D$933,Kalkulasi!$A$944)=0,"",INDEX(Kalkulasi!$AN900:$BE900,Kalkulasi!$A$944)) | N35: =IF(INDEX(Kalkulasi!$D$916:$D$933,Kalkulasi!$A$945)=0,"",INDEX(Kalkulasi!$AN900:$BE900,Kalkulasi!$A$945)) | O35: =IF(INDEX(Kalkulasi!$D$916:$D$933,Kalkulasi!$A$946)=0,"",INDEX(Kalkulasi!$AN900:$BE900,Kalkulasi!$A$946)) | P35: =IF(INDEX(Kalkulasi!$D$916:$D$933,Kalkulasi!$A$947)=0,"",INDEX(Kalkulasi!$AN900:$BE900,Kalkulasi!$A$947)) | Q35: =IF(INDEX(Kalkulasi!$D$916:$D$933,Kalkulasi!$A$948)=0,"",INDEX(Kalkulasi!$AN900:$BE900,Kalkulasi!$A$948)) | R35: =IF(Kalkulasi!AM900=0,"",Kalkulasi!T900/Kalkulasi!AM900) | S35: =IF(Kalkulasi!T900=0,"",Kalkulasi!T900)
B36: perusahaan mana pun. | D36: =Kalkulasi!A901 | F36: =IF(INDEX(Kalkulasi!$D$916:$D$933,Kalkulasi!$A$937)=0,"",INDEX(Kalkulasi!$AN901:$BE901,Kalkulasi!$A$937)) | G36: =IF(INDEX(Kalkulasi!$D$916:$D$933,Kalkulasi!$A$938)=0,"",INDEX(Kalkulasi!$AN901:$BE901,Kalkulasi!$A$938)) | H36: =IF(INDEX(Kalkulasi!$D$916:$D$933,Kalkulasi!$A$939)=0,"",INDEX(Kalkulasi!$AN901:$BE901,Kalkulasi!$A$939)) | I36: =IF(INDEX(Kalkulasi!$D$916:$D$933,Kalkulasi!$A$940)=0,"",INDEX(Kalkulasi!$AN901:$BE901,Kalkulasi!$A$940)) | J36: =IF(INDEX(Kalkulasi!$D$916:$D$933,Kalkulasi!$A$941)=0,"",INDEX(Kalkulasi!$AN901:$BE901,Kalkulasi!$A$941)) | K36: =IF(INDEX(Kalkulasi!$D$916:$D$933,Kalkulasi!$A$942)=0,"",INDEX(Kalkulasi!$AN901:$BE901,Kalkulasi!$A$942)) | L36: =IF(INDEX(Kalkulasi!$D$916:$D$933,Kalkulasi!$A$943)=0,"",INDEX(Kalkulasi!$AN901:$BE901,Kalkulasi!$A$943)) | M36: =IF(INDEX(Kalkulasi!$D$916:$D$933,Kalkulasi!$A$944)=0,"",INDEX(Kalkulasi!$AN901:$BE901,Kalkulasi!$A$944)) | N36: =IF(INDEX(Kalkulasi!$D$916:$D$933,Kalkulasi!$A$945)=0,"",INDEX(Kalkulasi!$AN901:$BE901,Kalkulasi!$A$945)) | O36: =IF(INDEX(Kalkulasi!$D$916:$D$933,Kalkulasi!$A$946)=0,"",INDEX(Kalkulasi!$AN901:$BE901,Kalkulasi!$A$946)) | P36: =IF(INDEX(Kalkulasi!$D$916:$D$933,Kalkulasi!$A$947)=0,"",INDEX(Kalkulasi!$AN901:$BE901,Kalkulasi!$A$947)) | Q36: =IF(INDEX(Kalkulasi!$D$916:$D$933,Kalkulasi!$A$948)=0,"",INDEX(Kalkulasi!$AN901:$BE901,Kalkulasi!$A$948)) | R36: =IF(Kalkulasi!AM901=0,"",Kalkulasi!T901/Kalkulasi!AM901) | S36: =IF(Kalkulasi!T901=0,"",Kalkulasi!T901)
D37: =Kalkulasi!A902 | F37: =IF(INDEX(Kalkulasi!$D$916:$D$933,Kalkulasi!$A$937)=0,"",INDEX(Kalkulasi!$AN902:$BE902,Kalkulasi!$A$937)) | G37: =IF(INDEX(Kalkulasi!$D$916:$D$933,Kalkulasi!$A$938)=0,"",INDEX(Kalkulasi!$AN902:$BE902,Kalkulasi!$A$938)) | H37: =IF(INDEX(Kalkulasi!$D$916:$D$933,Kalkulasi!$A$939)=0,"",INDEX(Kalkulasi!$AN902:$BE902,Kalkulasi!$A$939)) | I37: =IF(INDEX(Kalkulasi!$D$916:$D$933,Kalkulasi!$A$940)=0,"",INDEX(Kalkulasi!$AN902:$BE902,Kalkulasi!$A$940)) | J37: =IF(INDEX(Kalkulasi!$D$916:$D$933,Kalkulasi!$A$941)=0,"",INDEX(Kalkulasi!$AN902:$BE902,Kalkulasi!$A$941)) | K37: =IF(INDEX(Kalkulasi!$D$916:$D$933,Kalkulasi!$A$942)=0,"",INDEX(Kalkulasi!$AN902:$BE902,Kalkulasi!$A$942)) | L37: =IF(INDEX(Kalkulasi!$D$916:$D$933,Kalkulasi!$A$943)=0,"",INDEX(Kalkulasi!$AN902:$BE902,Kalkulasi!$A$943)) | M37: =IF(INDEX(Kalkulasi!$D$916:$D$933,Kalkulasi!$A$944)=0,"",INDEX(Kalkulasi!$AN902:$BE902,Kalkulasi!$A$944)) | N37: =IF(INDEX(Kalkulasi!$D$916:$D$933,Kalkulasi!$A$945)=0,"",INDEX(Kalkulasi!$AN902:$BE902,Kalkulasi!$A$945)) | O37: =IF(INDEX(Kalkulasi!$D$916:$D$933,Kalkulasi!$A$946)=0,"",INDEX(Kalkulasi!$AN902:$BE902,Kalkulasi!$A$946)) | P37: =IF(INDEX(Kalkulasi!$D$916:$D$933,Kalkulasi!$A$947)=0,"",INDEX(Kalkulasi!$AN902:$BE902,Kalkulasi!$A$947)) | Q37: =IF(INDEX(Kalkulasi!$D$916:$D$933,Kalkulasi!$A$948)=0,"",INDEX(Kalkulasi!$AN902:$BE902,Kalkulasi!$A$948)) | R37: =IF(Kalkulasi!AM902=0,"",Kalkulasi!T902/Kalkulasi!AM902) | S37: =IF(Kalkulasi!T902=0,"",Kalkulasi!T902)
B38: Muhammad Rifqi Rizqullah | D38: =Kalkulasi!A903 | F38: =IF(INDEX(Kalkulasi!$D$916:$D$933,Kalkulasi!$A$937)=0,"",INDEX(Kalkulasi!$AN903:$BE903,Kalkulasi!$A$937)) | G38: =IF(INDEX(Kalkulasi!$D$916:$D$933,Kalkulasi!$A$938)=0,"",INDEX(Kalkulasi!$AN903:$BE903,Kalkulasi!$A$938)) | H38: =IF(INDEX(Kalkulasi!$D$916:$D$933,Kalkulasi!$A$939)=0,"",INDEX(Kalkulasi!$AN903:$BE903,Kalkulasi!$A$939)) | I38: =IF(INDEX(Kalkulasi!$D$916:$D$933,Kalkulasi!$A$940)=0,"",INDEX(Kalkulasi!$AN903:$BE903,Kalkulasi!$A$940)) | J38: =IF(INDEX(Kalkulasi!$D$916:$D$933,Kalkulasi!$A$941)=0,"",INDEX(Kalkulasi!$AN903:$BE903,Kalkulasi!$A$941)) | K38: =IF(INDEX(Kalkulasi!$D$916:$D$933,Kalkulasi!$A$942)=0,"",INDEX(Kalkulasi!$AN903:$BE903,Kalkulasi!$A$942)) | L38: =IF(INDEX(Kalkulasi!$D$916:$D$933,Kalkulasi!$A$943)=0,"",INDEX(Kalkulasi!$AN903:$BE903,Kalkulasi!$A$943)) | M38: =IF(INDEX(Kalkulasi!$D$916:$D$933,Kalkulasi!$A$944)=0,"",INDEX(Kalkulasi!$AN903:$BE903,Kalkulasi!$A$944)) | N38: =IF(INDEX(Kalkulasi!$D$916:$D$933,Kalkulasi!$A$945)=0,"",INDEX(Kalkulasi!$AN903:$BE903,Kalkulasi!$A$945)) | O38: =IF(INDEX(Kalkulasi!$D$916:$D$933,Kalkulasi!$A$946)=0,"",INDEX(Kalkulasi!$AN903:$BE903,Kalkulasi!$A$946)) | P38: =IF(INDEX(Kalkulasi!$D$916:$D$933,Kalkulasi!$A$947)=0,"",INDEX(Kalkulasi!$AN903:$BE903,Kalkulasi!$A$947)) | Q38: =IF(INDEX(Kalkulasi!$D$916:$D$933,Kalkulasi!$A$948)=0,"",INDEX(Kalkulasi!$AN903:$BE903,Kalkulasi!$A$948)) | R38: =IF(Kalkulasi!AM903=0,"",Kalkulasi!T903/Kalkulasi!AM903) | S38: =IF(Kalkulasi!T903=0,"",Kalkulasi!T903)
B39: Mine Operations Control | D39: =Kalkulasi!A904 | F39: =IF(INDEX(Kalkulasi!$D$916:$D$933,Kalkulasi!$A$937)=0,"",INDEX(Kalkulasi!$AN904:$BE904,Kalkulasi!$A$937)) | G39: =IF(INDEX(Kalkulasi!$D$916:$D$933,Kalkulasi!$A$938)=0,"",INDEX(Kalkulasi!$AN904:$BE904,Kalkulasi!$A$938)) | H39: =IF(INDEX(Kalkulasi!$D$916:$D$933,Kalkulasi!$A$939)=0,"",INDEX(Kalkulasi!$AN904:$BE904,Kalkulasi!$A$939)) | I39: =IF(INDEX(Kalkulasi!$D$916:$D$933,Kalkulasi!$A$940)=0,"",INDEX(Kalkulasi!$AN904:$BE904,Kalkulasi!$A$940)) | J39: =IF(INDEX(Kalkulasi!$D$916:$D$933,Kalkulasi!$A$941)=0,"",INDEX(Kalkulasi!$AN904:$BE904,Kalkulasi!$A$941)) | K39: =IF(INDEX(Kalkulasi!$D$916:$D$933,Kalkulasi!$A$942)=0,"",INDEX(Kalkulasi!$AN904:$BE904,Kalkulasi!$A$942)) | L39: =IF(INDEX(Kalkulasi!$D$916:$D$933,Kalkulasi!$A$943)=0,"",INDEX(Kalkulasi!$AN904:$BE904,Kalkulasi!$A$943)) | M39: =IF(INDEX(Kalkulasi!$D$916:$D$933,Kalkulasi!$A$944)=0,"",INDEX(Kalkulasi!$AN904:$BE904,Kalkulasi!$A$944)) | N39: =IF(INDEX(Kalkulasi!$D$916:$D$933,Kalkulasi!$A$945)=0,"",INDEX(Kalkulasi!$AN904:$BE904,Kalkulasi!$A$945)) | O39: =IF(INDEX(Kalkulasi!$D$916:$D$933,Kalkulasi!$A$946)=0,"",INDEX(Kalkulasi!$AN904:$BE904,Kalkulasi!$A$946)) | P39: =IF(INDEX(Kalkulasi!$D$916:$D$933,Kalkulasi!$A$947)=0,"",INDEX(Kalkulasi!$AN904:$BE904,Kalkulasi!$A$947)) | Q39: =IF(INDEX(Kalkulasi!$D$916:$D$933,Kalkulasi!$A$948)=0,"",INDEX(Kalkulasi!$AN904:$BE904,Kalkulasi!$A$948)) | R39: =IF(Kalkulasi!AM904=0,"",Kalkulasi!T904/Kalkulasi!AM904) | S39: =IF(Kalkulasi!T904=0,"",Kalkulasi!T904)
D40: =Kalkulasi!A905 | F40: =IF(INDEX(Kalkulasi!$D$916:$D$933,Kalkulasi!$A$937)=0,"",INDEX(Kalkulasi!$AN905:$BE905,Kalkulasi!$A$937)) | G40: =IF(INDEX(Kalkulasi!$D$916:$D$933,Kalkulasi!$A$938)=0,"",INDEX(Kalkulasi!$AN905:$BE905,Kalkulasi!$A$938)) | H40: =IF(INDEX(Kalkulasi!$D$916:$D$933,Kalkulasi!$A$939)=0,"",INDEX(Kalkulasi!$AN905:$BE905,Kalkulasi!$A$939)) | I40: =IF(INDEX(Kalkulasi!$D$916:$D$933,Kalkulasi!$A$940)=0,"",INDEX(Kalkulasi!$AN905:$BE905,Kalkulasi!$A$940)) | J40: =IF(INDEX(Kalkulasi!$D$916:$D$933,Kalkulasi!$A$941)=0,"",INDEX(Kalkulasi!$AN905:$BE905,Kalkulasi!$A$941)) | K40: =IF(INDEX(Kalkulasi!$D$916:$D$933,Kalkulasi!$A$942)=0,"",INDEX(Kalkulasi!$AN905:$BE905,Kalkulasi!$A$942)) | L40: =IF(INDEX(Kalkulasi!$D$916:$D$933,Kalkulasi!$A$943)=0,"",INDEX(Kalkulasi!$AN905:$BE905,Kalkulasi!$A$943)) | M40: =IF(INDEX(Kalkulasi!$D$916:$D$933,Kalkulasi!$A$944)=0,"",INDEX(Kalkulasi!$AN905:$BE905,Kalkulasi!$A$944)) | N40: =IF(INDEX(Kalkulasi!$D$916:$D$933,Kalkulasi!$A$945)=0,"",INDEX(Kalkulasi!$AN905:$BE905,Kalkulasi!$A$945)) | O40: =IF(INDEX(Kalkulasi!$D$916:$D$933,Kalkulasi!$A$946)=0,"",INDEX(Kalkulasi!$AN905:$BE905,Kalkulasi!$A$946)) | P40: =IF(INDEX(Kalkulasi!$D$916:$D$933,Kalkulasi!$A$947)=0,"",INDEX(Kalkulasi!$AN905:$BE905,Kalkulasi!$A$947)) | Q40: =IF(INDEX(Kalkulasi!$D$916:$D$933,Kalkulasi!$A$948)=0,"",INDEX(Kalkulasi!$AN905:$BE905,Kalkulasi!$A$948)) | R40: =IF(Kalkulasi!AM905=0,"",Kalkulasi!T905/Kalkulasi!AM905) | S40: =IF(Kalkulasi!T905=0,"",Kalkulasi!T905)
D41: =Kalkulasi!A906 | F41: =IF(INDEX(Kalkulasi!$D$916:$D$933,Kalkulasi!$A$937)=0,"",INDEX(Kalkulasi!$AN906:$BE906,Kalkulasi!$A$937)) | G41: =IF(INDEX(Kalkulasi!$D$916:$D$933,Kalkulasi!$A$938)=0,"",INDEX(Kalkulasi!$AN906:$BE906,Kalkulasi!$A$938)) | H41: =IF(INDEX(Kalkulasi!$D$916:$D$933,Kalkulasi!$A$939)=0,"",INDEX(Kalkulasi!$AN906:$BE906,Kalkulasi!$A$939)) | I41: =IF(INDEX(Kalkulasi!$D$916:$D$933,Kalkulasi!$A$940)=0,"",INDEX(Kalkulasi!$AN906:$BE906,Kalkulasi!$A$940)) | J41: =IF(INDEX(Kalkulasi!$D$916:$D$933,Kalkulasi!$A$941)=0,"",INDEX(Kalkulasi!$AN906:$BE906,Kalkulasi!$A$941)) | K41: =IF(INDEX(Kalkulasi!$D$916:$D$933,Kalkulasi!$A$942)=0,"",INDEX(Kalkulasi!$AN906:$BE906,Kalkulasi!$A$942)) | L41: =IF(INDEX(Kalkulasi!$D$916:$D$933,Kalkulasi!$A$943)=0,"",INDEX(Kalkulasi!$AN906:$BE906,Kalkulasi!$A$943)) | M41: =IF(INDEX(Kalkulasi!$D$916:$D$933,Kalkulasi!$A$944)=0,"",INDEX(Kalkulasi!$AN906:$BE906,Kalkulasi!$A$944)) | N41: =IF(INDEX(Kalkulasi!$D$916:$D$933,Kalkulasi!$A$945)=0,"",INDEX(Kalkulasi!$AN906:$BE906,Kalkulasi!$A$945)) | O41: =IF(INDEX(Kalkulasi!$D$916:$D$933,Kalkulasi!$A$946)=0,"",INDEX(Kalkulasi!$AN906:$BE906,Kalkulasi!$A$946)) | P41: =IF(INDEX(Kalkulasi!$D$916:$D$933,Kalkulasi!$A$947)=0,"",INDEX(Kalkulasi!$AN906:$BE906,Kalkulasi!$A$947)) | Q41: =IF(INDEX(Kalkulasi!$D$916:$D$933,Kalkulasi!$A$948)=0,"",INDEX(Kalkulasi!$AN906:$BE906,Kalkulasi!$A$948)) | R41: =IF(Kalkulasi!AM906=0,"",Kalkulasi!T906/Kalkulasi!AM906) | S41: =IF(Kalkulasi!T906=0,"",Kalkulasi!T906)
D42: =Kalkulasi!A907 | F42: =IF(INDEX(Kalkulasi!$D$916:$D$933,Kalkulasi!$A$937)=0,"",INDEX(Kalkulasi!$AN907:$BE907,Kalkulasi!$A$937)) | G42: =IF(INDEX(Kalkulasi!$D$916:$D$933,Kalkulasi!$A$938)=0,"",INDEX(Kalkulasi!$AN907:$BE907,Kalkulasi!$A$938)) | H42: =IF(INDEX(Kalkulasi!$D$916:$D$933,Kalkulasi!$A$939)=0,"",INDEX(Kalkulasi!$AN907:$BE907,Kalkulasi!$A$939)) | I42: =IF(INDEX(Kalkulasi!$D$916:$D$933,Kalkulasi!$A$940)=0,"",INDEX(Kalkulasi!$AN907:$BE907,Kalkulasi!$A$940)) | J42: =IF(INDEX(Kalkulasi!$D$916:$D$933,Kalkulasi!$A$941)=0,"",INDEX(Kalkulasi!$AN907:$BE907,Kalkulasi!$A$941)) | K42: =IF(INDEX(Kalkulasi!$D$916:$D$933,Kalkulasi!$A$942)=0,"",INDEX(Kalkulasi!$AN907:$BE907,Kalkulasi!$A$942)) | L42: =IF(INDEX(Kalkulasi!$D$916:$D$933,Kalkulasi!$A$943)=0,"",INDEX(Kalkulasi!$AN907:$BE907,Kalkulasi!$A$943)) | M42: =IF(INDEX(Kalkulasi!$D$916:$D$933,Kalkulasi!$A$944)=0,"",INDEX(Kalkulasi!$AN907:$BE907,Kalkulasi!$A$944)) | N42: =IF(INDEX(Kalkulasi!$D$916:$D$933,Kalkulasi!$A$945)=0,"",INDEX(Kalkulasi!$AN907:$BE907,Kalkulasi!$A$945)) | O42: =IF(INDEX(Kalkulasi!$D$916:$D$933,Kalkulasi!$A$946)=0,"",INDEX(Kalkulasi!$AN907:$BE907,Kalkulasi!$A$946)) | P42: =IF(INDEX(Kalkulasi!$D$916:$D$933,Kalkulasi!$A$947)=0,"",INDEX(Kalkulasi!$AN907:$BE907,Kalkulasi!$A$947)) | Q42: =IF(INDEX(Kalkulasi!$D$916:$D$933,Kalkulasi!$A$948)=0,"",INDEX(Kalkulasi!$AN907:$BE907,Kalkulasi!$A$948)) | R42: =IF(Kalkulasi!AM907=0,"",Kalkulasi!T907/Kalkulasi!AM907) | S42: =IF(Kalkulasi!T907=0,"",Kalkulasi!T907)
D43: =Kalkulasi!A908 | F43: =IF(INDEX(Kalkulasi!$D$916:$D$933,Kalkulasi!$A$937)=0,"",INDEX(Kalkulasi!$AN908:$BE908,Kalkulasi!$A$937)) | G43: =IF(INDEX(Kalkulasi!$D$916:$D$933,Kalkulasi!$A$938)=0,"",INDEX(Kalkulasi!$AN908:$BE908,Kalkulasi!$A$938)) | H43: =IF(INDEX(Kalkulasi!$D$916:$D$933,Kalkulasi!$A$939)=0,"",INDEX(Kalkulasi!$AN908:$BE908,Kalkulasi!$A$939)) | I43: =IF(INDEX(Kalkulasi!$D$916:$D$933,Kalkulasi!$A$940)=0,"",INDEX(Kalkulasi!$AN908:$BE908,Kalkulasi!$A$940)) | J43: =IF(INDEX(Kalkulasi!$D$916:$D$933,Kalkulasi!$A$941)=0,"",INDEX(Kalkulasi!$AN908:$BE908,Kalkulasi!$A$941)) | K43: =IF(INDEX(Kalkulasi!$D$916:$D$933,Kalkulasi!$A$942)=0,"",INDEX(Kalkulasi!$AN908:$BE908,Kalkulasi!$A$942)) | L43: =IF(INDEX(Kalkulasi!$D$916:$D$933,Kalkulasi!$A$943)=0,"",INDEX(Kalkulasi!$AN908:$BE908,Kalkulasi!$A$943)) | M43: =IF(INDEX(Kalkulasi!$D$916:$D$933,Kalkulasi!$A$944)=0,"",INDEX(Kalkulasi!$AN908:$BE908,Kalkulasi!$A$944)) | N43: =IF(INDEX(Kalkulasi!$D$916:$D$933,Kalkulasi!$A$945)=0,"",INDEX(Kalkulasi!$AN908:$BE908,Kalkulasi!$A$945)) | O43: =IF(INDEX(Kalkulasi!$D$916:$D$933,Kalkulasi!$A$946)=0,"",INDEX(Kalkulasi!$AN908:$BE908,Kalkulasi!$A$946)) | P43: =IF(INDEX(Kalkulasi!$D$916:$D$933,Kalkulasi!$A$947)=0,"",INDEX(Kalkulasi!$AN908:$BE908,Kalkulasi!$A$947)) | Q43: =IF(INDEX(Kalkulasi!$D$916:$D$933,Kalkulasi!$A$948)=0,"",INDEX(Kalkulasi!$AN908:$BE908,Kalkulasi!$A$948)) | R43: =IF(Kalkulasi!AM908=0,"",Kalkulasi!T908/Kalkulasi!AM908) | S43: =IF(Kalkulasi!T908=0,"",Kalkulasi!T908)
D44: =Kalkulasi!A909 | F44: =IF(INDEX(Kalkulasi!$D$916:$D$933,Kalkulasi!$A$937)=0,"",INDEX(Kalkulasi!$AN909:$BE909,Kalkulasi!$A$937)) | G44: =IF(INDEX(Kalkulasi!$D$916:$D$933,Kalkulasi!$A$938)=0,"",INDEX(Kalkulasi!$AN909:$BE909,Kalkulasi!$A$938)) | H44: =IF(INDEX(Kalkulasi!$D$916:$D$933,Kalkulasi!$A$939)=0,"",INDEX(Kalkulasi!$AN909:$BE909,Kalkulasi!$A$939)) | I44: =IF(INDEX(Kalkulasi!$D$916:$D$933,Kalkulasi!$A$940)=0,"",INDEX(Kalkulasi!$AN909:$BE909,Kalkulasi!$A$940)) | J44: =IF(INDEX(Kalkulasi!$D$916:$D$933,Kalkulasi!$A$941)=0,"",INDEX(Kalkulasi!$AN909:$BE909,Kalkulasi!$A$941)) | K44: =IF(INDEX(Kalkulasi!$D$916:$D$933,Kalkulasi!$A$942)=0,"",INDEX(Kalkulasi!$AN909:$BE909,Kalkulasi!$A$942)) | L44: =IF(INDEX(Kalkulasi!$D$916:$D$933,Kalkulasi!$A$943)=0,"",INDEX(Kalkulasi!$AN909:$BE909,Kalkulasi!$A$943)) | M44: =IF(INDEX(Kalkulasi!$D$916:$D$933,Kalkulasi!$A$944)=0,"",INDEX(Kalkulasi!$AN909:$BE909,Kalkulasi!$A$944)) | N44: =IF(INDEX(Kalkulasi!$D$916:$D$933,Kalkulasi!$A$945)=0,"",INDEX(Kalkulasi!$AN909:$BE909,Kalkulasi!$A$945)) | O44: =IF(INDEX(Kalkulasi!$D$916:$D$933,Kalkulasi!$A$946)=0,"",INDEX(Kalkulasi!$AN909:$BE909,Kalkulasi!$A$946)) | P44: =IF(INDEX(Kalkulasi!$D$916:$D$933,Kalkulasi!$A$947)=0,"",INDEX(Kalkulasi!$AN909:$BE909,Kalkulasi!$A$947)) | Q44: =IF(INDEX(Kalkulasi!$D$916:$D$933,Kalkulasi!$A$948)=0,"",INDEX(Kalkulasi!$AN909:$BE909,Kalkulasi!$A$948)) | R44: =IF(Kalkulasi!AM909=0,"",Kalkulasi!T909/Kalkulasi!AM909) | S44: =IF(Kalkulasi!T909=0,"",Kalkulasi!T909)
D45: =Kalkulasi!A910 | F45: =IF(INDEX(Kalkulasi!$D$916:$D$933,Kalkulasi!$A$937)=0,"",INDEX(Kalkulasi!$AN910:$BE910,Kalkulasi!$A$937)) | G45: =IF(INDEX(Kalkulasi!$D$916:$D$933,Kalkulasi!$A$938)=0,"",INDEX(Kalkulasi!$AN910:$BE910,Kalkulasi!$A$938)) | H45: =IF(INDEX(Kalkulasi!$D$916:$D$933,Kalkulasi!$A$939)=0,"",INDEX(Kalkulasi!$AN910:$BE910,Kalkulasi!$A$939)) | I45: =IF(INDEX(Kalkulasi!$D$916:$D$933,Kalkulasi!$A$940)=0,"",INDEX(Kalkulasi!$AN910:$BE910,Kalkulasi!$A$940)) | J45: =IF(INDEX(Kalkulasi!$D$916:$D$933,Kalkulasi!$A$941)=0,"",INDEX(Kalkulasi!$AN910:$BE910,Kalkulasi!$A$941)) | K45: =IF(INDEX(Kalkulasi!$D$916:$D$933,Kalkulasi!$A$942)=0,"",INDEX(Kalkulasi!$AN910:$BE910,Kalkulasi!$A$942)) | L45: =IF(INDEX(Kalkulasi!$D$916:$D$933,Kalkulasi!$A$943)=0,"",INDEX(Kalkulasi!$AN910:$BE910,Kalkulasi!$A$943)) | M45: =IF(INDEX(Kalkulasi!$D$916:$D$933,Kalkulasi!$A$944)=0,"",INDEX(Kalkulasi!$AN910:$BE910,Kalkulasi!$A$944)) | N45: =IF(INDEX(Kalkulasi!$D$916:$D$933,Kalkulasi!$A$945)=0,"",INDEX(Kalkulasi!$AN910:$BE910,Kalkulasi!$A$945)) | O45: =IF(INDEX(Kalkulasi!$D$916:$D$933,Kalkulasi!$A$946)=0,"",INDEX(Kalkulasi!$AN910:$BE910,Kalkulasi!$A$946)) | P45: =IF(INDEX(Kalkulasi!$D$916:$D$933,Kalkulasi!$A$947)=0,"",INDEX(Kalkulasi!$AN910:$BE910,Kalkulasi!$A$947)) | Q45: =IF(INDEX(Kalkulasi!$D$916:$D$933,Kalkulasi!$A$948)=0,"",INDEX(Kalkulasi!$AN910:$BE910,Kalkulasi!$A$948)) | R45: =IF(Kalkulasi!AM910=0,"",Kalkulasi!T910/Kalkulasi!AM910) | S45: =IF(Kalkulasi!T910=0,"",Kalkulasi!T910)
D46: =Kalkulasi!A911 | F46: =IF(INDEX(Kalkulasi!$D$916:$D$933,Kalkulasi!$A$937)=0,"",INDEX(Kalkulasi!$AN911:$BE911,Kalkulasi!$A$937)) | G46: =IF(INDEX(Kalkulasi!$D$916:$D$933,Kalkulasi!$A$938)=0,"",INDEX(Kalkulasi!$AN911:$BE911,Kalkulasi!$A$938)) | H46: =IF(INDEX(Kalkulasi!$D$916:$D$933,Kalkulasi!$A$939)=0,"",INDEX(Kalkulasi!$AN911:$BE911,Kalkulasi!$A$939)) | I46: =IF(INDEX(Kalkulasi!$D$916:$D$933,Kalkulasi!$A$940)=0,"",INDEX(Kalkulasi!$AN911:$BE911,Kalkulasi!$A$940)) | J46: =IF(INDEX(Kalkulasi!$D$916:$D$933,Kalkulasi!$A$941)=0,"",INDEX(Kalkulasi!$AN911:$BE911,Kalkulasi!$A$941)) | K46: =IF(INDEX(Kalkulasi!$D$916:$D$933,Kalkulasi!$A$942)=0,"",INDEX(Kalkulasi!$AN911:$BE911,Kalkulasi!$A$942)) | L46: =IF(INDEX(Kalkulasi!$D$916:$D$933,Kalkulasi!$A$943)=0,"",INDEX(Kalkulasi!$AN911:$BE911,Kalkulasi!$A$943)) | M46: =IF(INDEX(Kalkulasi!$D$916:$D$933,Kalkulasi!$A$944)=0,"",INDEX(Kalkulasi!$AN911:$BE911,Kalkulasi!$A$944)) | N46: =IF(INDEX(Kalkulasi!$D$916:$D$933,Kalkulasi!$A$945)=0,"",INDEX(Kalkulasi!$AN911:$BE911,Kalkulasi!$A$945)) | O46: =IF(INDEX(Kalkulasi!$D$916:$D$933,Kalkulasi!$A$946)=0,"",INDEX(Kalkulasi!$AN911:$BE911,Kalkulasi!$A$946)) | P46: =IF(INDEX(Kalkulasi!$D$916:$D$933,Kalkulasi!$A$947)=0,"",INDEX(Kalkulasi!$AN911:$BE911,Kalkulasi!$A$947)) | Q46: =IF(INDEX(Kalkulasi!$D$916:$D$933,Kalkulasi!$A$948)=0,"",INDEX(Kalkulasi!$AN911:$BE911,Kalkulasi!$A$948)) | R46: =IF(Kalkulasi!AM911=0,"",Kalkulasi!T911/Kalkulasi!AM911) | S46: =IF(Kalkulasi!T911=0,"",Kalkulasi!T911)
D48: PTY fleet harian | N48: produksi digger ÷ EWH digger | O48: Ranking PTY periode | U48: batang = PTY · abu = target
D67: Ranking digger | U67: shift on target = shift dengan PTY ≥ target / shift berproduksi
D68: # | E68: Digger | G68: Tipe | I68: Target | J68: PTY | K68: Produksi | M68: On target | O68: % | P68: Max | Q68: Min
D69: =IF(INDEX(Kalkulasi!$D$916:$D$933,Kalkulasi!$A$937)>0,1,"") | E69: =IF(INDEX(Kalkulasi!$D$916:$D$933,Kalkulasi!$A$937)>0,INDEX(Kalkulasi!$A$916:$A$933,Kalkulasi!$A$937),"") | G69: =IF(INDEX(Kalkulasi!$D$916:$D$933,Kalkulasi!$A$937)>0,INDEX(Kalkulasi!$B$916:$B$933,Kalkulasi!$A$937),"") | I69: =IF(AND(INDEX(Kalkulasi!$D$916:$D$933,Kalkulasi!$A$937)>0,INDEX(Kalkulasi!$C$916:$C$933,Kalkulasi!$A$937)>0),INDEX(Kalkulasi!$C$916:$C$933,Kalkulasi!$A$937),"") | J69: =IF(INDEX(Kalkulasi!$D$916:$D$933,Kalkulasi!$A$937)>0,INDEX(Kalkulasi!$F$916:$F$933,Kalkulasi!$A$937),"") | K69: =IF(INDEX(Kalkulasi!$D$916:$D$933,Kalkulasi!$A$937)>0,INDEX(Kalkulasi!$D$916:$D$933,Kalkulasi!$A$937),"") | M69: =IF(INDEX(Kalkulasi!$D$916:$D$933,Kalkulasi!$A$937)>0,INDEX(Kalkulasi!$G$916:$G$933,Kalkulasi!$A$937)&" / "&INDEX(Kalkulasi!$H$916:$H$933,Kalkulasi!$A$937),"") | O69: =IF(AND(INDEX(Kalkulasi!$D$916:$D$933,Kalkulasi!$A$937)>0,INDEX(Kalkulasi!$H$916:$H$933,Kalkulasi!$A$937)>0),INDEX(Kalkulasi!$G$916:$G$933,Kalkulasi!$A$937)/INDEX(Kalkulasi!$H$916:$H$933,Kalkulasi!$A$937),"") | P69: =IF(INDEX(Kalkulasi!$D$916:$D$933,Kalkulasi!$A$937)>0,INDEX(Kalkulasi!$I$916:$I$933,Kalkulasi!$A$937),"") | Q69: =IF(INDEX(Kalkulasi!$D$916:$D$933,Kalkulasi!$A$937)>0,INDEX(Kalkulasi!$J$916:$J$933,Kalkulasi!$A$937),"")
D70: =IF(INDEX(Kalkulasi!$D$916:$D$933,Kalkulasi!$A$938)>0,2,"") | E70: =IF(INDEX(Kalkulasi!$D$916:$D$933,Kalkulasi!$A$938)>0,INDEX(Kalkulasi!$A$916:$A$933,Kalkulasi!$A$938),"") | G70: =IF(INDEX(Kalkulasi!$D$916:$D$933,Kalkulasi!$A$938)>0,INDEX(Kalkulasi!$B$916:$B$933,Kalkulasi!$A$938),"") | I70: =IF(AND(INDEX(Kalkulasi!$D$916:$D$933,Kalkulasi!$A$938)>0,INDEX(Kalkulasi!$C$916:$C$933,Kalkulasi!$A$938)>0),INDEX(Kalkulasi!$C$916:$C$933,Kalkulasi!$A$938),"") | J70: =IF(INDEX(Kalkulasi!$D$916:$D$933,Kalkulasi!$A$938)>0,INDEX(Kalkulasi!$F$916:$F$933,Kalkulasi!$A$938),"") | K70: =IF(INDEX(Kalkulasi!$D$916:$D$933,Kalkulasi!$A$938)>0,INDEX(Kalkulasi!$D$916:$D$933,Kalkulasi!$A$938),"") | M70: =IF(INDEX(Kalkulasi!$D$916:$D$933,Kalkulasi!$A$938)>0,INDEX(Kalkulasi!$G$916:$G$933,Kalkulasi!$A$938)&" / "&INDEX(Kalkulasi!$H$916:$H$933,Kalkulasi!$A$938),"") | O70: =IF(AND(INDEX(Kalkulasi!$D$916:$D$933,Kalkulasi!$A$938)>0,INDEX(Kalkulasi!$H$916:$H$933,Kalkulasi!$A$938)>0),INDEX(Kalkulasi!$G$916:$G$933,Kalkulasi!$A$938)/INDEX(Kalkulasi!$H$916:$H$933,Kalkulasi!$A$938),"") | P70: =IF(INDEX(Kalkulasi!$D$916:$D$933,Kalkulasi!$A$938)>0,INDEX(Kalkulasi!$I$916:$I$933,Kalkulasi!$A$938),"") | Q70: =IF(INDEX(Kalkulasi!$D$916:$D$933,Kalkulasi!$A$938)>0,INDEX(Kalkulasi!$J$916:$J$933,Kalkulasi!$A$938),"")
D71: =IF(INDEX(Kalkulasi!$D$916:$D$933,Kalkulasi!$A$939)>0,3,"") | E71: =IF(INDEX(Kalkulasi!$D$916:$D$933,Kalkulasi!$A$939)>0,INDEX(Kalkulasi!$A$916:$A$933,Kalkulasi!$A$939),"") | G71: =IF(INDEX(Kalkulasi!$D$916:$D$933,Kalkulasi!$A$939)>0,INDEX(Kalkulasi!$B$916:$B$933,Kalkulasi!$A$939),"") | I71: =IF(AND(INDEX(Kalkulasi!$D$916:$D$933,Kalkulasi!$A$939)>0,INDEX(Kalkulasi!$C$916:$C$933,Kalkulasi!$A$939)>0),INDEX(Kalkulasi!$C$916:$C$933,Kalkulasi!$A$939),"") | J71: =IF(INDEX(Kalkulasi!$D$916:$D$933,Kalkulasi!$A$939)>0,INDEX(Kalkulasi!$F$916:$F$933,Kalkulasi!$A$939),"") | K71: =IF(INDEX(Kalkulasi!$D$916:$D$933,Kalkulasi!$A$939)>0,INDEX(Kalkulasi!$D$916:$D$933,Kalkulasi!$A$939),"") | M71: =IF(INDEX(Kalkulasi!$D$916:$D$933,Kalkulasi!$A$939)>0,INDEX(Kalkulasi!$G$916:$G$933,Kalkulasi!$A$939)&" / "&INDEX(Kalkulasi!$H$916:$H$933,Kalkulasi!$A$939),"") | O71: =IF(AND(INDEX(Kalkulasi!$D$916:$D$933,Kalkulasi!$A$939)>0,INDEX(Kalkulasi!$H$916:$H$933,Kalkulasi!$A$939)>0),INDEX(Kalkulasi!$G$916:$G$933,Kalkulasi!$A$939)/INDEX(Kalkulasi!$H$916:$H$933,Kalkulasi!$A$939),"") | P71: =IF(INDEX(Kalkulasi!$D$916:$D$933,Kalkulasi!$A$939)>0,INDEX(Kalkulasi!$I$916:$I$933,Kalkulasi!$A$939),"") | Q71: =IF(INDEX(Kalkulasi!$D$916:$D$933,Kalkulasi!$A$939)>0,INDEX(Kalkulasi!$J$916:$J$933,Kalkulasi!$A$939),"")
D72: =IF(INDEX(Kalkulasi!$D$916:$D$933,Kalkulasi!$A$940)>0,4,"") | E72: =IF(INDEX(Kalkulasi!$D$916:$D$933,Kalkulasi!$A$940)>0,INDEX(Kalkulasi!$A$916:$A$933,Kalkulasi!$A$940),"") | G72: =IF(INDEX(Kalkulasi!$D$916:$D$933,Kalkulasi!$A$940)>0,INDEX(Kalkulasi!$B$916:$B$933,Kalkulasi!$A$940),"") | I72: =IF(AND(INDEX(Kalkulasi!$D$916:$D$933,Kalkulasi!$A$940)>0,INDEX(Kalkulasi!$C$916:$C$933,Kalkulasi!$A$940)>0),INDEX(Kalkulasi!$C$916:$C$933,Kalkulasi!$A$940),"") | J72: =IF(INDEX(Kalkulasi!$D$916:$D$933,Kalkulasi!$A$940)>0,INDEX(Kalkulasi!$F$916:$F$933,Kalkulasi!$A$940),"") | K72: =IF(INDEX(Kalkulasi!$D$916:$D$933,Kalkulasi!$A$940)>0,INDEX(Kalkulasi!$D$916:$D$933,Kalkulasi!$A$940),"") | M72: =IF(INDEX(Kalkulasi!$D$916:$D$933,Kalkulasi!$A$940)>0,INDEX(Kalkulasi!$G$916:$G$933,Kalkulasi!$A$940)&" / "&INDEX(Kalkulasi!$H$916:$H$933,Kalkulasi!$A$940),"") | O72: =IF(AND(INDEX(Kalkulasi!$D$916:$D$933,Kalkulasi!$A$940)>0,INDEX(Kalkulasi!$H$916:$H$933,Kalkulasi!$A$940)>0),INDEX(Kalkulasi!$G$916:$G$933,Kalkulasi!$A$940)/INDEX(Kalkulasi!$H$916:$H$933,Kalkulasi!$A$940),"") | P72: =IF(INDEX(Kalkulasi!$D$916:$D$933,Kalkulasi!$A$940)>0,INDEX(Kalkulasi!$I$916:$I$933,Kalkulasi!$A$940),"") | Q72: =IF(INDEX(Kalkulasi!$D$916:$D$933,Kalkulasi!$A$940)>0,INDEX(Kalkulasi!$J$916:$J$933,Kalkulasi!$A$940),"")
D73: =IF(INDEX(Kalkulasi!$D$916:$D$933,Kalkulasi!$A$941)>0,5,"") | E73: =IF(INDEX(Kalkulasi!$D$916:$D$933,Kalkulasi!$A$941)>0,INDEX(Kalkulasi!$A$916:$A$933,Kalkulasi!$A$941),"") | G73: =IF(INDEX(Kalkulasi!$D$916:$D$933,Kalkulasi!$A$941)>0,INDEX(Kalkulasi!$B$916:$B$933,Kalkulasi!$A$941),"") | I73: =IF(AND(INDEX(Kalkulasi!$D$916:$D$933,Kalkulasi!$A$941)>0,INDEX(Kalkulasi!$C$916:$C$933,Kalkulasi!$A$941)>0),INDEX(Kalkulasi!$C$916:$C$933,Kalkulasi!$A$941),"") | J73: =IF(INDEX(Kalkulasi!$D$916:$D$933,Kalkulasi!$A$941)>0,INDEX(Kalkulasi!$F$916:$F$933,Kalkulasi!$A$941),"") | K73: =IF(INDEX(Kalkulasi!$D$916:$D$933,Kalkulasi!$A$941)>0,INDEX(Kalkulasi!$D$916:$D$933,Kalkulasi!$A$941),"") | M73: =IF(INDEX(Kalkulasi!$D$916:$D$933,Kalkulasi!$A$941)>0,INDEX(Kalkulasi!$G$916:$G$933,Kalkulasi!$A$941)&" / "&INDEX(Kalkulasi!$H$916:$H$933,Kalkulasi!$A$941),"") | O73: =IF(AND(INDEX(Kalkulasi!$D$916:$D$933,Kalkulasi!$A$941)>0,INDEX(Kalkulasi!$H$916:$H$933,Kalkulasi!$A$941)>0),INDEX(Kalkulasi!$G$916:$G$933,Kalkulasi!$A$941)/INDEX(Kalkulasi!$H$916:$H$933,Kalkulasi!$A$941),"") | P73: =IF(INDEX(Kalkulasi!$D$916:$D$933,Kalkulasi!$A$941)>0,INDEX(Kalkulasi!$I$916:$I$933,Kalkulasi!$A$941),"") | Q73: =IF(INDEX(Kalkulasi!$D$916:$D$933,Kalkulasi!$A$941)>0,INDEX(Kalkulasi!$J$916:$J$933,Kalkulasi!$A$941),"")
D74: =IF(INDEX(Kalkulasi!$D$916:$D$933,Kalkulasi!$A$942)>0,6,"") | E74: =IF(INDEX(Kalkulasi!$D$916:$D$933,Kalkulasi!$A$942)>0,INDEX(Kalkulasi!$A$916:$A$933,Kalkulasi!$A$942),"") | G74: =IF(INDEX(Kalkulasi!$D$916:$D$933,Kalkulasi!$A$942)>0,INDEX(Kalkulasi!$B$916:$B$933,Kalkulasi!$A$942),"") | I74: =IF(AND(INDEX(Kalkulasi!$D$916:$D$933,Kalkulasi!$A$942)>0,INDEX(Kalkulasi!$C$916:$C$933,Kalkulasi!$A$942)>0),INDEX(Kalkulasi!$C$916:$C$933,Kalkulasi!$A$942),"") | J74: =IF(INDEX(Kalkulasi!$D$916:$D$933,Kalkulasi!$A$942)>0,INDEX(Kalkulasi!$F$916:$F$933,Kalkulasi!$A$942),"") | K74: =IF(INDEX(Kalkulasi!$D$916:$D$933,Kalkulasi!$A$942)>0,INDEX(Kalkulasi!$D$916:$D$933,Kalkulasi!$A$942),"") | M74: =IF(INDEX(Kalkulasi!$D$916:$D$933,Kalkulasi!$A$942)>0,INDEX(Kalkulasi!$G$916:$G$933,Kalkulasi!$A$942)&" / "&INDEX(Kalkulasi!$H$916:$H$933,Kalkulasi!$A$942),"") | O74: =IF(AND(INDEX(Kalkulasi!$D$916:$D$933,Kalkulasi!$A$942)>0,INDEX(Kalkulasi!$H$916:$H$933,Kalkulasi!$A$942)>0),INDEX(Kalkulasi!$G$916:$G$933,Kalkulasi!$A$942)/INDEX(Kalkulasi!$H$916:$H$933,Kalkulasi!$A$942),"") | P74: =IF(INDEX(Kalkulasi!$D$916:$D$933,Kalkulasi!$A$942)>0,INDEX(Kalkulasi!$I$916:$I$933,Kalkulasi!$A$942),"") | Q74: =IF(INDEX(Kalkulasi!$D$916:$D$933,Kalkulasi!$A$942)>0,INDEX(Kalkulasi!$J$916:$J$933,Kalkulasi!$A$942),"")
D75: =IF(INDEX(Kalkulasi!$D$916:$D$933,Kalkulasi!$A$943)>0,7,"") | E75: =IF(INDEX(Kalkulasi!$D$916:$D$933,Kalkulasi!$A$943)>0,INDEX(Kalkulasi!$A$916:$A$933,Kalkulasi!$A$943),"") | G75: =IF(INDEX(Kalkulasi!$D$916:$D$933,Kalkulasi!$A$943)>0,INDEX(Kalkulasi!$B$916:$B$933,Kalkulasi!$A$943),"") | I75: =IF(AND(INDEX(Kalkulasi!$D$916:$D$933,Kalkulasi!$A$943)>0,INDEX(Kalkulasi!$C$916:$C$933,Kalkulasi!$A$943)>0),INDEX(Kalkulasi!$C$916:$C$933,Kalkulasi!$A$943),"") | J75: =IF(INDEX(Kalkulasi!$D$916:$D$933,Kalkulasi!$A$943)>0,INDEX(Kalkulasi!$F$916:$F$933,Kalkulasi!$A$943),"") | K75: =IF(INDEX(Kalkulasi!$D$916:$D$933,Kalkulasi!$A$943)>0,INDEX(Kalkulasi!$D$916:$D$933,Kalkulasi!$A$943),"") | M75: =IF(INDEX(Kalkulasi!$D$916:$D$933,Kalkulasi!$A$943)>0,INDEX(Kalkulasi!$G$916:$G$933,Kalkulasi!$A$943)&" / "&INDEX(Kalkulasi!$H$916:$H$933,Kalkulasi!$A$943),"") | O75: =IF(AND(INDEX(Kalkulasi!$D$916:$D$933,Kalkulasi!$A$943)>0,INDEX(Kalkulasi!$H$916:$H$933,Kalkulasi!$A$943)>0),INDEX(Kalkulasi!$G$916:$G$933,Kalkulasi!$A$943)/INDEX(Kalkulasi!$H$916:$H$933,Kalkulasi!$A$943),"") | P75: =IF(INDEX(Kalkulasi!$D$916:$D$933,Kalkulasi!$A$943)>0,INDEX(Kalkulasi!$I$916:$I$933,Kalkulasi!$A$943),"") | Q75: =IF(INDEX(Kalkulasi!$D$916:$D$933,Kalkulasi!$A$943)>0,INDEX(Kalkulasi!$J$916:$J$933,Kalkulasi!$A$943),"")
D76: =IF(INDEX(Kalkulasi!$D$916:$D$933,Kalkulasi!$A$944)>0,8,"") | E76: =IF(INDEX(Kalkulasi!$D$916:$D$933,Kalkulasi!$A$944)>0,INDEX(Kalkulasi!$A$916:$A$933,Kalkulasi!$A$944),"") | G76: =IF(INDEX(Kalkulasi!$D$916:$D$933,Kalkulasi!$A$944)>0,INDEX(Kalkulasi!$B$916:$B$933,Kalkulasi!$A$944),"") | I76: =IF(AND(INDEX(Kalkulasi!$D$916:$D$933,Kalkulasi!$A$944)>0,INDEX(Kalkulasi!$C$916:$C$933,Kalkulasi!$A$944)>0),INDEX(Kalkulasi!$C$916:$C$933,Kalkulasi!$A$944),"") | J76: =IF(INDEX(Kalkulasi!$D$916:$D$933,Kalkulasi!$A$944)>0,INDEX(Kalkulasi!$F$916:$F$933,Kalkulasi!$A$944),"") | K76: =IF(INDEX(Kalkulasi!$D$916:$D$933,Kalkulasi!$A$944)>0,INDEX(Kalkulasi!$D$916:$D$933,Kalkulasi!$A$944),"") | M76: =IF(INDEX(Kalkulasi!$D$916:$D$933,Kalkulasi!$A$944)>0,INDEX(Kalkulasi!$G$916:$G$933,Kalkulasi!$A$944)&" / "&INDEX(Kalkulasi!$H$916:$H$933,Kalkulasi!$A$944),"") | O76: =IF(AND(INDEX(Kalkulasi!$D$916:$D$933,Kalkulasi!$A$944)>0,INDEX(Kalkulasi!$H$916:$H$933,Kalkulasi!$A$944)>0),INDEX(Kalkulasi!$G$916:$G$933,Kalkulasi!$A$944)/INDEX(Kalkulasi!$H$916:$H$933,Kalkulasi!$A$944),"") | P76: =IF(INDEX(Kalkulasi!$D$916:$D$933,Kalkulasi!$A$944)>0,INDEX(Kalkulasi!$I$916:$I$933,Kalkulasi!$A$944),"") | Q76: =IF(INDEX(Kalkulasi!$D$916:$D$933,Kalkulasi!$A$944)>0,INDEX(Kalkulasi!$J$916:$J$933,Kalkulasi!$A$944),"")
D77: =IF(INDEX(Kalkulasi!$D$916:$D$933,Kalkulasi!$A$945)>0,9,"") | E77: =IF(INDEX(Kalkulasi!$D$916:$D$933,Kalkulasi!$A$945)>0,INDEX(Kalkulasi!$A$916:$A$933,Kalkulasi!$A$945),"") | G77: =IF(INDEX(Kalkulasi!$D$916:$D$933,Kalkulasi!$A$945)>0,INDEX(Kalkulasi!$B$916:$B$933,Kalkulasi!$A$945),"") | I77: =IF(AND(INDEX(Kalkulasi!$D$916:$D$933,Kalkulasi!$A$945)>0,INDEX(Kalkulasi!$C$916:$C$933,Kalkulasi!$A$945)>0),INDEX(Kalkulasi!$C$916:$C$933,Kalkulasi!$A$945),"") | J77: =IF(INDEX(Kalkulasi!$D$916:$D$933,Kalkulasi!$A$945)>0,INDEX(Kalkulasi!$F$916:$F$933,Kalkulasi!$A$945),"") | K77: =IF(INDEX(Kalkulasi!$D$916:$D$933,Kalkulasi!$A$945)>0,INDEX(Kalkulasi!$D$916:$D$933,Kalkulasi!$A$945),"") | M77: =IF(INDEX(Kalkulasi!$D$916:$D$933,Kalkulasi!$A$945)>0,INDEX(Kalkulasi!$G$916:$G$933,Kalkulasi!$A$945)&" / "&INDEX(Kalkulasi!$H$916:$H$933,Kalkulasi!$A$945),"") | O77: =IF(AND(INDEX(Kalkulasi!$D$916:$D$933,Kalkulasi!$A$945)>0,INDEX(Kalkulasi!$H$916:$H$933,Kalkulasi!$A$945)>0),INDEX(Kalkulasi!$G$916:$G$933,Kalkulasi!$A$945)/INDEX(Kalkulasi!$H$916:$H$933,Kalkulasi!$A$945),"") | P77: =IF(INDEX(Kalkulasi!$D$916:$D$933,Kalkulasi!$A$945)>0,INDEX(Kalkulasi!$I$916:$I$933,Kalkulasi!$A$945),"") | Q77: =IF(INDEX(Kalkulasi!$D$916:$D$933,Kalkulasi!$A$945)>0,INDEX(Kalkulasi!$J$916:$J$933,Kalkulasi!$A$945),"")
D78: =IF(INDEX(Kalkulasi!$D$916:$D$933,Kalkulasi!$A$946)>0,10,"") | E78: =IF(INDEX(Kalkulasi!$D$916:$D$933,Kalkulasi!$A$946)>0,INDEX(Kalkulasi!$A$916:$A$933,Kalkulasi!$A$946),"") | G78: =IF(INDEX(Kalkulasi!$D$916:$D$933,Kalkulasi!$A$946)>0,INDEX(Kalkulasi!$B$916:$B$933,Kalkulasi!$A$946),"") | I78: =IF(AND(INDEX(Kalkulasi!$D$916:$D$933,Kalkulasi!$A$946)>0,INDEX(Kalkulasi!$C$916:$C$933,Kalkulasi!$A$946)>0),INDEX(Kalkulasi!$C$916:$C$933,Kalkulasi!$A$946),"") | J78: =IF(INDEX(Kalkulasi!$D$916:$D$933,Kalkulasi!$A$946)>0,INDEX(Kalkulasi!$F$916:$F$933,Kalkulasi!$A$946),"") | K78: =IF(INDEX(Kalkulasi!$D$916:$D$933,Kalkulasi!$A$946)>0,INDEX(Kalkulasi!$D$916:$D$933,Kalkulasi!$A$946),"") | M78: =IF(INDEX(Kalkulasi!$D$916:$D$933,Kalkulasi!$A$946)>0,INDEX(Kalkulasi!$G$916:$G$933,Kalkulasi!$A$946)&" / "&INDEX(Kalkulasi!$H$916:$H$933,Kalkulasi!$A$946),"") | O78: =IF(AND(INDEX(Kalkulasi!$D$916:$D$933,Kalkulasi!$A$946)>0,INDEX(Kalkulasi!$H$916:$H$933,Kalkulasi!$A$946)>0),INDEX(Kalkulasi!$G$916:$G$933,Kalkulasi!$A$946)/INDEX(Kalkulasi!$H$916:$H$933,Kalkulasi!$A$946),"") | P78: =IF(INDEX(Kalkulasi!$D$916:$D$933,Kalkulasi!$A$946)>0,INDEX(Kalkulasi!$I$916:$I$933,Kalkulasi!$A$946),"") | Q78: =IF(INDEX(Kalkulasi!$D$916:$D$933,Kalkulasi!$A$946)>0,INDEX(Kalkulasi!$J$916:$J$933,Kalkulasi!$A$946),"")
D79: =IF(INDEX(Kalkulasi!$D$916:$D$933,Kalkulasi!$A$947)>0,11,"") | E79: =IF(INDEX(Kalkulasi!$D$916:$D$933,Kalkulasi!$A$947)>0,INDEX(Kalkulasi!$A$916:$A$933,Kalkulasi!$A$947),"") | G79: =IF(INDEX(Kalkulasi!$D$916:$D$933,Kalkulasi!$A$947)>0,INDEX(Kalkulasi!$B$916:$B$933,Kalkulasi!$A$947),"") | I79: =IF(AND(INDEX(Kalkulasi!$D$916:$D$933,Kalkulasi!$A$947)>0,INDEX(Kalkulasi!$C$916:$C$933,Kalkulasi!$A$947)>0),INDEX(Kalkulasi!$C$916:$C$933,Kalkulasi!$A$947),"") | J79: =IF(INDEX(Kalkulasi!$D$916:$D$933,Kalkulasi!$A$947)>0,INDEX(Kalkulasi!$F$916:$F$933,Kalkulasi!$A$947),"") | K79: =IF(INDEX(Kalkulasi!$D$916:$D$933,Kalkulasi!$A$947)>0,INDEX(Kalkulasi!$D$916:$D$933,Kalkulasi!$A$947),"") | M79: =IF(INDEX(Kalkulasi!$D$916:$D$933,Kalkulasi!$A$947)>0,INDEX(Kalkulasi!$G$916:$G$933,Kalkulasi!$A$947)&" / "&INDEX(Kalkulasi!$H$916:$H$933,Kalkulasi!$A$947),"") | O79: =IF(AND(INDEX(Kalkulasi!$D$916:$D$933,Kalkulasi!$A$947)>0,INDEX(Kalkulasi!$H$916:$H$933,Kalkulasi!$A$947)>0),INDEX(Kalkulasi!$G$916:$G$933,Kalkulasi!$A$947)/INDEX(Kalkulasi!$H$916:$H$933,Kalkulasi!$A$947),"") | P79: =IF(INDEX(Kalkulasi!$D$916:$D$933,Kalkulasi!$A$947)>0,INDEX(Kalkulasi!$I$916:$I$933,Kalkulasi!$A$947),"") | Q79: =IF(INDEX(Kalkulasi!$D$916:$D$933,Kalkulasi!$A$947)>0,INDEX(Kalkulasi!$J$916:$J$933,Kalkulasi!$A$947),"")
D80: =IF(INDEX(Kalkulasi!$D$916:$D$933,Kalkulasi!$A$948)>0,12,"") | E80: =IF(INDEX(Kalkulasi!$D$916:$D$933,Kalkulasi!$A$948)>0,INDEX(Kalkulasi!$A$916:$A$933,Kalkulasi!$A$948),"") | G80: =IF(INDEX(Kalkulasi!$D$916:$D$933,Kalkulasi!$A$948)>0,INDEX(Kalkulasi!$B$916:$B$933,Kalkulasi!$A$948),"") | I80: =IF(AND(INDEX(Kalkulasi!$D$916:$D$933,Kalkulasi!$A$948)>0,INDEX(Kalkulasi!$C$916:$C$933,Kalkulasi!$A$948)>0),INDEX(Kalkulasi!$C$916:$C$933,Kalkulasi!$A$948),"") | J80: =IF(INDEX(Kalkulasi!$D$916:$D$933,Kalkulasi!$A$948)>0,INDEX(Kalkulasi!$F$916:$F$933,Kalkulasi!$A$948),"") | K80: =IF(INDEX(Kalkulasi!$D$916:$D$933,Kalkulasi!$A$948)>0,INDEX(Kalkulasi!$D$916:$D$933,Kalkulasi!$A$948),"") | M80: =IF(INDEX(Kalkulasi!$D$916:$D$933,Kalkulasi!$A$948)>0,INDEX(Kalkulasi!$G$916:$G$933,Kalkulasi!$A$948)&" / "&INDEX(Kalkulasi!$H$916:$H$933,Kalkulasi!$A$948),"") | O80: =IF(AND(INDEX(Kalkulasi!$D$916:$D$933,Kalkulasi!$A$948)>0,INDEX(Kalkulasi!$H$916:$H$933,Kalkulasi!$A$948)>0),INDEX(Kalkulasi!$G$916:$G$933,Kalkulasi!$A$948)/INDEX(Kalkulasi!$H$916:$H$933,Kalkulasi!$A$948),"") | P80: =IF(INDEX(Kalkulasi!$D$916:$D$933,Kalkulasi!$A$948)>0,INDEX(Kalkulasi!$I$916:$I$933,Kalkulasi!$A$948),"") | Q80: =IF(INDEX(Kalkulasi!$D$916:$D$933,Kalkulasi!$A$948)>0,INDEX(Kalkulasi!$J$916:$J$933,Kalkulasi!$A$948),"")

Sheet PTY per Jam
B2: PIT CONTROL | D2: Mine Ops Board / PTY per Jam
B3: MINE OPS BOARD | D3: PTY per Jam
D4: Produktivitas digger tiap jam dari input ritase & delay · ritase/produksi excavator ikut masuk ke DATA_TS (board Digger)
B5: BOARD
B6: =HYPERLINK("#Produksi!A1"," Produksi") | D6: Tanggal | E6: 46108 | H6: Shift | I6: DS | K6: Material | L6: OB | N6: Jam WA | O6: 10-11 | Q6: =HYPERLINK("#INPUT_RITASE!A1","+ Input ritase") | S6: =HYPERLINK("#INPUT_DELAY!A1","+ Input delay")
B7: =HYPERLINK("#Digger!A1"," Produktivitas Digger") | D7: =IF(Kalkulasi!$B$622=0,"✓ Semua baris input valid · klik sel kuning untuk memilih tanggal, shift, material, dan jam laporan WA","⚠ "&Kalkulasi!$B$622&" baris input perlu dicek — lihat kolom Cek (merah) di INPUT_RITASE / INPUT_DELAY")
B8: =HYPERLINK("#Availability!A1"," Availability Unit")
B9: =HYPERLINK("#'Delay & Hujan'!A1"," Delay & Hujan") | D9: PRODUKSI SHIFT | G9: ACHIEVEMENT | J9: PTY FLEET | M9: DIGGER ON TARGET | P9: RITASE | S9: SINKRON DATA_TS
B10: =HYPERLINK("#Fuel!A1"," Fuel") | D10: =Kalkulasi!$B$701 | G10: =Kalkulasi!$B$705 | J10: =Kalkulasi!$B$704 | M10: =Kalkulasi!$B$710&" / "&Kalkulasi!$B$709 | P10: =Kalkulasi!$B$702 | S10: =IF(ROUND(Kalkulasi!$B$712-Kalkulasi!$B$701,0)=0,"✓ Sama","Beda")
B11: =HYPERLINK("#'Tren PTY'!A1"," Tren PTY") | D11: =IF(Kalkulasi!$B$619="OB","BCM","MT")&" · plan shift "&TEXT(Kalkulasi!$B$621,"#,##0") | G11: ="s/d "&Kalkulasi!$B$707&": "&TEXT(IF(Kalkulasi!$B$708=0,0,Kalkulasi!$B$701/Kalkulasi!$B$708),"0%")&" dari plan berjalan" | J11: =IF(Kalkulasi!$B$619="OB","BCM","MT")&"/jam EWH · EWH "&TEXT(Kalkulasi!$B$703,"0.0")&" jam" | M11: ="PTY shift ≥ target" | P11: ="Jam terakhir terisi: "&Kalkulasi!$B$707 | S11: ="Board Digger: "&TEXT(Kalkulasi!$B$712,"#,##0")&" "&IF(Kalkulasi!$B$619="OB","BCM","MT")
B13: PER JAM | D13: Heatmap PTY per jam | U13: ="hijau ≥ target · kuning ≥ 85% · merah < 85% · abu = tidak ada ritase · hujan+slippery shift ini: "&Kalkulasi!$B$711&" menit"
B14: =HYPERLINK("#'PTY per Jam'!A1"," PTY per Jam") | D14: Digger | F14: Target | G14: =Kalkulasi!$A$625 | H14: =Kalkulasi!$A$626 | I14: =Kalkulasi!$A$627 | J14: =Kalkulasi!$A$628 | K14: =Kalkulasi!$A$629 | L14: =Kalkulasi!$A$630 | M14: =Kalkulasi!$A$631 | N14: =Kalkulasi!$A$632 | O14: =Kalkulasi!$A$633 | P14: =Kalkulasi!$A$634 | Q14: =Kalkulasi!$A$635 | R14: =Kalkulasi!$A$636 | S14: Produksi | T14: PTY
B15: =HYPERLINK("#'Fleet & Delay'!A1"," Fleet & Delay") | D15: =INDEX(Kalkulasi!$A$641:$A$658,Kalkulasi!$A$663)&" "&INDEX(Kalkulasi!$B$641:$B$658,Kalkulasi!$A$663) | F15: =IF(INDEX(Kalkulasi!$C$641:$C$658,Kalkulasi!$A$663)=0,"–",INDEX(Kalkulasi!$C$641:$C$658,Kalkulasi!$A$663)) | G15: =INDEX(Kalkulasi!$AD$641:$AD$658,Kalkulasi!$A$663) | H15: =INDEX(Kalkulasi!$AE$641:$AE$658,Kalkulasi!$A$663) | I15: =INDEX(Kalkulasi!$AF$641:$AF$658,Kalkulasi!$A$663) | J15: =INDEX(Kalkulasi!$AG$641:$AG$658,Kalkulasi!$A$663) | K15: =INDEX(Kalkulasi!$AH$641:$AH$658,Kalkulasi!$A$663) | L15: =INDEX(Kalkulasi!$AI$641:$AI$658,Kalkulasi!$A$663) | M15: =INDEX(Kalkulasi!$AJ$641:$AJ$658,Kalkulasi!$A$663) | N15: =INDEX(Kalkulasi!$AK$641:$AK$658,Kalkulasi!$A$663) | O15: =INDEX(Kalkulasi!$AL$641:$AL$658,Kalkulasi!$A$663) | P15: =INDEX(Kalkulasi!$AM$641:$AM$658,Kalkulasi!$A$663) | Q15: =INDEX(Kalkulasi!$AN$641:$AN$658,Kalkulasi!$A$663) | R15: =INDEX(Kalkulasi!$AO$641:$AO$658,Kalkulasi!$A$663) | S15: =INDEX(Kalkulasi!$P$641:$P$658,Kalkulasi!$A$663) | T15: =INDEX(Kalkulasi!$AP$641:$AP$658,Kalkulasi!$A$663)
B16: =HYPERLINK("#'Daily Report'!A1"," Daily Report") | D16: =INDEX(Kalkulasi!$A$641:$A$658,Kalkulasi!$A$664)&" "&INDEX(Kalkulasi!$B$641:$B$658,Kalkulasi!$A$664) | F16: =IF(INDEX(Kalkulasi!$C$641:$C$658,Kalkulasi!$A$664)=0,"–",INDEX(Kalkulasi!$C$641:$C$658,Kalkulasi!$A$664)) | G16: =INDEX(Kalkulasi!$AD$641:$AD$658,Kalkulasi!$A$664) | H16: =INDEX(Kalkulasi!$AE$641:$AE$658,Kalkulasi!$A$664) | I16: =INDEX(Kalkulasi!$AF$641:$AF$658,Kalkulasi!$A$664) | J16: =INDEX(Kalkulasi!$AG$641:$AG$658,Kalkulasi!$A$664) | K16: =INDEX(Kalkulasi!$AH$641:$AH$658,Kalkulasi!$A$664) | L16: =INDEX(Kalkulasi!$AI$641:$AI$658,Kalkulasi!$A$664) | M16: =INDEX(Kalkulasi!$AJ$641:$AJ$658,Kalkulasi!$A$664) | N16: =INDEX(Kalkulasi!$AK$641:$AK$658,Kalkulasi!$A$664) | O16: =INDEX(Kalkulasi!$AL$641:$AL$658,Kalkulasi!$A$664) | P16: =INDEX(Kalkulasi!$AM$641:$AM$658,Kalkulasi!$A$664) | Q16: =INDEX(Kalkulasi!$AN$641:$AN$658,Kalkulasi!$A$664) | R16: =INDEX(Kalkulasi!$AO$641:$AO$658,Kalkulasi!$A$664) | S16: =INDEX(Kalkulasi!$P$641:$P$658,Kalkulasi!$A$664) | T16: =INDEX(Kalkulasi!$AP$641:$AP$658,Kalkulasi!$A$664)
B17: =HYPERLINK("#INPUT_RITASE!A1"," Input ritase ↗") | D17: =INDEX(Kalkulasi!$A$641:$A$658,Kalkulasi!$A$665)&" "&INDEX(Kalkulasi!$B$641:$B$658,Kalkulasi!$A$665) | F17: =IF(INDEX(Kalkulasi!$C$641:$C$658,Kalkulasi!$A$665)=0,"–",INDEX(Kalkulasi!$C$641:$C$658,Kalkulasi!$A$665)) | G17: =INDEX(Kalkulasi!$AD$641:$AD$658,Kalkulasi!$A$665) | H17: =INDEX(Kalkulasi!$AE$641:$AE$658,Kalkulasi!$A$665) | I17: =INDEX(Kalkulasi!$AF$641:$AF$658,Kalkulasi!$A$665) | J17: =INDEX(Kalkulasi!$AG$641:$AG$658,Kalkulasi!$A$665) | K17: =INDEX(Kalkulasi!$AH$641:$AH$658,Kalkulasi!$A$665) | L17: =INDEX(Kalkulasi!$AI$641:$AI$658,Kalkulasi!$A$665) | M17: =INDEX(Kalkulasi!$AJ$641:$AJ$658,Kalkulasi!$A$665) | N17: =INDEX(Kalkulasi!$AK$641:$AK$658,Kalkulasi!$A$665) | O17: =INDEX(Kalkulasi!$AL$641:$AL$658,Kalkulasi!$A$665) | P17: =INDEX(Kalkulasi!$AM$641:$AM$658,Kalkulasi!$A$665) | Q17: =INDEX(Kalkulasi!$AN$641:$AN$658,Kalkulasi!$A$665) | R17: =INDEX(Kalkulasi!$AO$641:$AO$658,Kalkulasi!$A$665) | S17: =INDEX(Kalkulasi!$P$641:$P$658,Kalkulasi!$A$665) | T17: =INDEX(Kalkulasi!$AP$641:$AP$658,Kalkulasi!$A$665)
B18: =HYPERLINK("#INPUT_DELAY!A1"," Input delay ↗") | D18: =INDEX(Kalkulasi!$A$641:$A$658,Kalkulasi!$A$666)&" "&INDEX(Kalkulasi!$B$641:$B$658,Kalkulasi!$A$666) | F18: =IF(INDEX(Kalkulasi!$C$641:$C$658,Kalkulasi!$A$666)=0,"–",INDEX(Kalkulasi!$C$641:$C$658,Kalkulasi!$A$666)) | G18: =INDEX(Kalkulasi!$AD$641:$AD$658,Kalkulasi!$A$666) | H18: =INDEX(Kalkulasi!$AE$641:$AE$658,Kalkulasi!$A$666) | I18: =INDEX(Kalkulasi!$AF$641:$AF$658,Kalkulasi!$A$666) | J18: =INDEX(Kalkulasi!$AG$641:$AG$658,Kalkulasi!$A$666) | K18: =INDEX(Kalkulasi!$AH$641:$AH$658,Kalkulasi!$A$666) | L18: =INDEX(Kalkulasi!$AI$641:$AI$658,Kalkulasi!$A$666) | M18: =INDEX(Kalkulasi!$AJ$641:$AJ$658,Kalkulasi!$A$666) | N18: =INDEX(Kalkulasi!$AK$641:$AK$658,Kalkulasi!$A$666) | O18: =INDEX(Kalkulasi!$AL$641:$AL$658,Kalkulasi!$A$666) | P18: =INDEX(Kalkulasi!$AM$641:$AM$658,Kalkulasi!$A$666) | Q18: =INDEX(Kalkulasi!$AN$641:$AN$658,Kalkulasi!$A$666) | R18: =INDEX(Kalkulasi!$AO$641:$AO$658,Kalkulasi!$A$666) | S18: =INDEX(Kalkulasi!$P$641:$P$658,Kalkulasi!$A$666) | T18: =INDEX(Kalkulasi!$AP$641:$AP$658,Kalkulasi!$A$666)
D19: =INDEX(Kalkulasi!$A$641:$A$658,Kalkulasi!$A$667)&" "&INDEX(Kalkulasi!$B$641:$B$658,Kalkulasi!$A$667) | F19: =IF(INDEX(Kalkulasi!$C$641:$C$658,Kalkulasi!$A$667)=0,"–",INDEX(Kalkulasi!$C$641:$C$658,Kalkulasi!$A$667)) | G19: =INDEX(Kalkulasi!$AD$641:$AD$658,Kalkulasi!$A$667) | H19: =INDEX(Kalkulasi!$AE$641:$AE$658,Kalkulasi!$A$667) | I19: =INDEX(Kalkulasi!$AF$641:$AF$658,Kalkulasi!$A$667) | J19: =INDEX(Kalkulasi!$AG$641:$AG$658,Kalkulasi!$A$667) | K19: =INDEX(Kalkulasi!$AH$641:$AH$658,Kalkulasi!$A$667) | L19: =INDEX(Kalkulasi!$AI$641:$AI$658,Kalkulasi!$A$667) | M19: =INDEX(Kalkulasi!$AJ$641:$AJ$658,Kalkulasi!$A$667) | N19: =INDEX(Kalkulasi!$AK$641:$AK$658,Kalkulasi!$A$667) | O19: =INDEX(Kalkulasi!$AL$641:$AL$658,Kalkulasi!$A$667) | P19: =INDEX(Kalkulasi!$AM$641:$AM$658,Kalkulasi!$A$667) | Q19: =INDEX(Kalkulasi!$AN$641:$AN$658,Kalkulasi!$A$667) | R19: =INDEX(Kalkulasi!$AO$641:$AO$658,Kalkulasi!$A$667) | S19: =INDEX(Kalkulasi!$P$641:$P$658,Kalkulasi!$A$667) | T19: =INDEX(Kalkulasi!$AP$641:$AP$658,Kalkulasi!$A$667)
B20: DATA | D20: =INDEX(Kalkulasi!$A$641:$A$658,Kalkulasi!$A$668)&" "&INDEX(Kalkulasi!$B$641:$B$658,Kalkulasi!$A$668) | F20: =IF(INDEX(Kalkulasi!$C$641:$C$658,Kalkulasi!$A$668)=0,"–",INDEX(Kalkulasi!$C$641:$C$658,Kalkulasi!$A$668)) | G20: =INDEX(Kalkulasi!$AD$641:$AD$658,Kalkulasi!$A$668) | H20: =INDEX(Kalkulasi!$AE$641:$AE$658,Kalkulasi!$A$668) | I20: =INDEX(Kalkulasi!$AF$641:$AF$658,Kalkulasi!$A$668) | J20: =INDEX(Kalkulasi!$AG$641:$AG$658,Kalkulasi!$A$668) | K20: =INDEX(Kalkulasi!$AH$641:$AH$658,Kalkulasi!$A$668) | L20: =INDEX(Kalkulasi!$AI$641:$AI$658,Kalkulasi!$A$668) | M20: =INDEX(Kalkulasi!$AJ$641:$AJ$658,Kalkulasi!$A$668) | N20: =INDEX(Kalkulasi!$AK$641:$AK$658,Kalkulasi!$A$668) | O20: =INDEX(Kalkulasi!$AL$641:$AL$658,Kalkulasi!$A$668) | P20: =INDEX(Kalkulasi!$AM$641:$AM$658,Kalkulasi!$A$668) | Q20: =INDEX(Kalkulasi!$AN$641:$AN$658,Kalkulasi!$A$668) | R20: =INDEX(Kalkulasi!$AO$641:$AO$658,Kalkulasi!$A$668) | S20: =INDEX(Kalkulasi!$P$641:$P$658,Kalkulasi!$A$668) | T20: =INDEX(Kalkulasi!$AP$641:$AP$658,Kalkulasi!$A$668)
B21: =HYPERLINK("#'Master Data'!A1"," Master Data") | D21: =INDEX(Kalkulasi!$A$641:$A$658,Kalkulasi!$A$669)&" "&INDEX(Kalkulasi!$B$641:$B$658,Kalkulasi!$A$669) | F21: =IF(INDEX(Kalkulasi!$C$641:$C$658,Kalkulasi!$A$669)=0,"–",INDEX(Kalkulasi!$C$641:$C$658,Kalkulasi!$A$669)) | G21: =INDEX(Kalkulasi!$AD$641:$AD$658,Kalkulasi!$A$669) | H21: =INDEX(Kalkulasi!$AE$641:$AE$658,Kalkulasi!$A$669) | I21: =INDEX(Kalkulasi!$AF$641:$AF$658,Kalkulasi!$A$669) | J21: =INDEX(Kalkulasi!$AG$641:$AG$658,Kalkulasi!$A$669) | K21: =INDEX(Kalkulasi!$AH$641:$AH$658,Kalkulasi!$A$669) | L21: =INDEX(Kalkulasi!$AI$641:$AI$658,Kalkulasi!$A$669) | M21: =INDEX(Kalkulasi!$AJ$641:$AJ$658,Kalkulasi!$A$669) | N21: =INDEX(Kalkulasi!$AK$641:$AK$658,Kalkulasi!$A$669) | O21: =INDEX(Kalkulasi!$AL$641:$AL$658,Kalkulasi!$A$669) | P21: =INDEX(Kalkulasi!$AM$641:$AM$658,Kalkulasi!$A$669) | Q21: =INDEX(Kalkulasi!$AN$641:$AN$658,Kalkulasi!$A$669) | R21: =INDEX(Kalkulasi!$AO$641:$AO$658,Kalkulasi!$A$669) | S21: =INDEX(Kalkulasi!$P$641:$P$658,Kalkulasi!$A$669) | T21: =INDEX(Kalkulasi!$AP$641:$AP$658,Kalkulasi!$A$669)
B22: =HYPERLINK("#DATA_TS!A1"," Tabel timesheet ↗") | D22: =INDEX(Kalkulasi!$A$641:$A$658,Kalkulasi!$A$670)&" "&INDEX(Kalkulasi!$B$641:$B$658,Kalkulasi!$A$670) | F22: =IF(INDEX(Kalkulasi!$C$641:$C$658,Kalkulasi!$A$670)=0,"–",INDEX(Kalkulasi!$C$641:$C$658,Kalkulasi!$A$670)) | G22: =INDEX(Kalkulasi!$AD$641:$AD$658,Kalkulasi!$A$670) | H22: =INDEX(Kalkulasi!$AE$641:$AE$658,Kalkulasi!$A$670) | I22: =INDEX(Kalkulasi!$AF$641:$AF$658,Kalkulasi!$A$670) | J22: =INDEX(Kalkulasi!$AG$641:$AG$658,Kalkulasi!$A$670) | K22: =INDEX(Kalkulasi!$AH$641:$AH$658,Kalkulasi!$A$670) | L22: =INDEX(Kalkulasi!$AI$641:$AI$658,Kalkulasi!$A$670) | M22: =INDEX(Kalkulasi!$AJ$641:$AJ$658,Kalkulasi!$A$670) | N22: =INDEX(Kalkulasi!$AK$641:$AK$658,Kalkulasi!$A$670) | O22: =INDEX(Kalkulasi!$AL$641:$AL$658,Kalkulasi!$A$670) | P22: =INDEX(Kalkulasi!$AM$641:$AM$658,Kalkulasi!$A$670) | Q22: =INDEX(Kalkulasi!$AN$641:$AN$658,Kalkulasi!$A$670) | R22: =INDEX(Kalkulasi!$AO$641:$AO$658,Kalkulasi!$A$670) | S22: =INDEX(Kalkulasi!$P$641:$P$658,Kalkulasi!$A$670) | T22: =INDEX(Kalkulasi!$AP$641:$AP$658,Kalkulasi!$A$670)
B23: =HYPERLINK("#DATA_FUEL!A1"," Tabel fuel ↗") | D23: =INDEX(Kalkulasi!$A$641:$A$658,Kalkulasi!$A$671)&" "&INDEX(Kalkulasi!$B$641:$B$658,Kalkulasi!$A$671) | F23: =IF(INDEX(Kalkulasi!$C$641:$C$658,Kalkulasi!$A$671)=0,"–",INDEX(Kalkulasi!$C$641:$C$658,Kalkulasi!$A$671)) | G23: =INDEX(Kalkulasi!$AD$641:$AD$658,Kalkulasi!$A$671) | H23: =INDEX(Kalkulasi!$AE$641:$AE$658,Kalkulasi!$A$671) | I23: =INDEX(Kalkulasi!$AF$641:$AF$658,Kalkulasi!$A$671) | J23: =INDEX(Kalkulasi!$AG$641:$AG$658,Kalkulasi!$A$671) | K23: =INDEX(Kalkulasi!$AH$641:$AH$658,Kalkulasi!$A$671) | L23: =INDEX(Kalkulasi!$AI$641:$AI$658,Kalkulasi!$A$671) | M23: =INDEX(Kalkulasi!$AJ$641:$AJ$658,Kalkulasi!$A$671) | N23: =INDEX(Kalkulasi!$AK$641:$AK$658,Kalkulasi!$A$671) | O23: =INDEX(Kalkulasi!$AL$641:$AL$658,Kalkulasi!$A$671) | P23: =INDEX(Kalkulasi!$AM$641:$AM$658,Kalkulasi!$A$671) | Q23: =INDEX(Kalkulasi!$AN$641:$AN$658,Kalkulasi!$A$671) | R23: =INDEX(Kalkulasi!$AO$641:$AO$658,Kalkulasi!$A$671) | S23: =INDEX(Kalkulasi!$P$641:$P$658,Kalkulasi!$A$671) | T23: =INDEX(Kalkulasi!$AP$641:$AP$658,Kalkulasi!$A$671)
D24: =INDEX(Kalkulasi!$A$641:$A$658,Kalkulasi!$A$672)&" "&INDEX(Kalkulasi!$B$641:$B$658,Kalkulasi!$A$672) | F24: =IF(INDEX(Kalkulasi!$C$641:$C$658,Kalkulasi!$A$672)=0,"–",INDEX(Kalkulasi!$C$641:$C$658,Kalkulasi!$A$672)) | G24: =INDEX(Kalkulasi!$AD$641:$AD$658,Kalkulasi!$A$672) | H24: =INDEX(Kalkulasi!$AE$641:$AE$658,Kalkulasi!$A$672) | I24: =INDEX(Kalkulasi!$AF$641:$AF$658,Kalkulasi!$A$672) | J24: =INDEX(Kalkulasi!$AG$641:$AG$658,Kalkulasi!$A$672) | K24: =INDEX(Kalkulasi!$AH$641:$AH$658,Kalkulasi!$A$672) | L24: =INDEX(Kalkulasi!$AI$641:$AI$658,Kalkulasi!$A$672) | M24: =INDEX(Kalkulasi!$AJ$641:$AJ$658,Kalkulasi!$A$672) | N24: =INDEX(Kalkulasi!$AK$641:$AK$658,Kalkulasi!$A$672) | O24: =INDEX(Kalkulasi!$AL$641:$AL$658,Kalkulasi!$A$672) | P24: =INDEX(Kalkulasi!$AM$641:$AM$658,Kalkulasi!$A$672) | Q24: =INDEX(Kalkulasi!$AN$641:$AN$658,Kalkulasi!$A$672) | R24: =INDEX(Kalkulasi!$AO$641:$AO$658,Kalkulasi!$A$672) | S24: =INDEX(Kalkulasi!$P$641:$P$658,Kalkulasi!$A$672) | T24: =INDEX(Kalkulasi!$AP$641:$AP$658,Kalkulasi!$A$672)
B25: LAINNYA | D25: =INDEX(Kalkulasi!$A$641:$A$658,Kalkulasi!$A$673)&" "&INDEX(Kalkulasi!$B$641:$B$658,Kalkulasi!$A$673) | F25: =IF(INDEX(Kalkulasi!$C$641:$C$658,Kalkulasi!$A$673)=0,"–",INDEX(Kalkulasi!$C$641:$C$658,Kalkulasi!$A$673)) | G25: =INDEX(Kalkulasi!$AD$641:$AD$658,Kalkulasi!$A$673) | H25: =INDEX(Kalkulasi!$AE$641:$AE$658,Kalkulasi!$A$673) | I25: =INDEX(Kalkulasi!$AF$641:$AF$658,Kalkulasi!$A$673) | J25: =INDEX(Kalkulasi!$AG$641:$AG$658,Kalkulasi!$A$673) | K25: =INDEX(Kalkulasi!$AH$641:$AH$658,Kalkulasi!$A$673) | L25: =INDEX(Kalkulasi!$AI$641:$AI$658,Kalkulasi!$A$673) | M25: =INDEX(Kalkulasi!$AJ$641:$AJ$658,Kalkulasi!$A$673) | N25: =INDEX(Kalkulasi!$AK$641:$AK$658,Kalkulasi!$A$673) | O25: =INDEX(Kalkulasi!$AL$641:$AL$658,Kalkulasi!$A$673) | P25: =INDEX(Kalkulasi!$AM$641:$AM$658,Kalkulasi!$A$673) | Q25: =INDEX(Kalkulasi!$AN$641:$AN$658,Kalkulasi!$A$673) | R25: =INDEX(Kalkulasi!$AO$641:$AO$658,Kalkulasi!$A$673) | S25: =INDEX(Kalkulasi!$P$641:$P$658,Kalkulasi!$A$673) | T25: =INDEX(Kalkulasi!$AP$641:$AP$658,Kalkulasi!$A$673)
B26: =HYPERLINK("#Panduan!A1"," Panduan") | D26: =INDEX(Kalkulasi!$A$641:$A$658,Kalkulasi!$A$674)&" "&INDEX(Kalkulasi!$B$641:$B$658,Kalkulasi!$A$674) | F26: =IF(INDEX(Kalkulasi!$C$641:$C$658,Kalkulasi!$A$674)=0,"–",INDEX(Kalkulasi!$C$641:$C$658,Kalkulasi!$A$674)) | G26: =INDEX(Kalkulasi!$AD$641:$AD$658,Kalkulasi!$A$674) | H26: =INDEX(Kalkulasi!$AE$641:$AE$658,Kalkulasi!$A$674) | I26: =INDEX(Kalkulasi!$AF$641:$AF$658,Kalkulasi!$A$674) | J26: =INDEX(Kalkulasi!$AG$641:$AG$658,Kalkulasi!$A$674) | K26: =INDEX(Kalkulasi!$AH$641:$AH$658,Kalkulasi!$A$674) | L26: =INDEX(Kalkulasi!$AI$641:$AI$658,Kalkulasi!$A$674) | M26: =INDEX(Kalkulasi!$AJ$641:$AJ$658,Kalkulasi!$A$674) | N26: =INDEX(Kalkulasi!$AK$641:$AK$658,Kalkulasi!$A$674) | O26: =INDEX(Kalkulasi!$AL$641:$AL$658,Kalkulasi!$A$674) | P26: =INDEX(Kalkulasi!$AM$641:$AM$658,Kalkulasi!$A$674) | Q26: =INDEX(Kalkulasi!$AN$641:$AN$658,Kalkulasi!$A$674) | R26: =INDEX(Kalkulasi!$AO$641:$AO$658,Kalkulasi!$A$674) | S26: =INDEX(Kalkulasi!$P$641:$P$658,Kalkulasi!$A$674) | T26: =INDEX(Kalkulasi!$AP$641:$AP$658,Kalkulasi!$A$674)
B27: =HYPERLINK("#Parameter!A1"," Target & parameter") | D27: =INDEX(Kalkulasi!$A$641:$A$658,Kalkulasi!$A$675)&" "&INDEX(Kalkulasi!$B$641:$B$658,Kalkulasi!$A$675) | F27: =IF(INDEX(Kalkulasi!$C$641:$C$658,Kalkulasi!$A$675)=0,"–",INDEX(Kalkulasi!$C$641:$C$658,Kalkulasi!$A$675)) | G27: =INDEX(Kalkulasi!$AD$641:$AD$658,Kalkulasi!$A$675) | H27: =INDEX(Kalkulasi!$AE$641:$AE$658,Kalkulasi!$A$675) | I27: =INDEX(Kalkulasi!$AF$641:$AF$658,Kalkulasi!$A$675) | J27: =INDEX(Kalkulasi!$AG$641:$AG$658,Kalkulasi!$A$675) | K27: =INDEX(Kalkulasi!$AH$641:$AH$658,Kalkulasi!$A$675) | L27: =INDEX(Kalkulasi!$AI$641:$AI$658,Kalkulasi!$A$675) | M27: =INDEX(Kalkulasi!$AJ$641:$AJ$658,Kalkulasi!$A$675) | N27: =INDEX(Kalkulasi!$AK$641:$AK$658,Kalkulasi!$A$675) | O27: =INDEX(Kalkulasi!$AL$641:$AL$658,Kalkulasi!$A$675) | P27: =INDEX(Kalkulasi!$AM$641:$AM$658,Kalkulasi!$A$675) | Q27: =INDEX(Kalkulasi!$AN$641:$AN$658,Kalkulasi!$A$675) | R27: =INDEX(Kalkulasi!$AO$641:$AO$658,Kalkulasi!$A$675) | S27: =INDEX(Kalkulasi!$P$641:$P$658,Kalkulasi!$A$675) | T27: =INDEX(Kalkulasi!$AP$641:$AP$658,Kalkulasi!$A$675)
B28: =HYPERLINK("#MASTER_JAM!A1"," Faktor, target & MF") | D28: =INDEX(Kalkulasi!$A$641:$A$658,Kalkulasi!$A$676)&" "&INDEX(Kalkulasi!$B$641:$B$658,Kalkulasi!$A$676) | F28: =IF(INDEX(Kalkulasi!$C$641:$C$658,Kalkulasi!$A$676)=0,"–",INDEX(Kalkulasi!$C$641:$C$658,Kalkulasi!$A$676)) | G28: =INDEX(Kalkulasi!$AD$641:$AD$658,Kalkulasi!$A$676) | H28: =INDEX(Kalkulasi!$AE$641:$AE$658,Kalkulasi!$A$676) | I28: =INDEX(Kalkulasi!$AF$641:$AF$658,Kalkulasi!$A$676) | J28: =INDEX(Kalkulasi!$AG$641:$AG$658,Kalkulasi!$A$676) | K28: =INDEX(Kalkulasi!$AH$641:$AH$658,Kalkulasi!$A$676) | L28: =INDEX(Kalkulasi!$AI$641:$AI$658,Kalkulasi!$A$676) | M28: =INDEX(Kalkulasi!$AJ$641:$AJ$658,Kalkulasi!$A$676) | N28: =INDEX(Kalkulasi!$AK$641:$AK$658,Kalkulasi!$A$676) | O28: =INDEX(Kalkulasi!$AL$641:$AL$658,Kalkulasi!$A$676) | P28: =INDEX(Kalkulasi!$AM$641:$AM$658,Kalkulasi!$A$676) | Q28: =INDEX(Kalkulasi!$AN$641:$AN$658,Kalkulasi!$A$676) | R28: =INDEX(Kalkulasi!$AO$641:$AO$658,Kalkulasi!$A$676) | S28: =INDEX(Kalkulasi!$P$641:$P$658,Kalkulasi!$A$676) | T28: =INDEX(Kalkulasi!$AP$641:$AP$658,Kalkulasi!$A$676)
D29: =INDEX(Kalkulasi!$A$641:$A$658,Kalkulasi!$A$677)&" "&INDEX(Kalkulasi!$B$641:$B$658,Kalkulasi!$A$677) | F29: =IF(INDEX(Kalkulasi!$C$641:$C$658,Kalkulasi!$A$677)=0,"–",INDEX(Kalkulasi!$C$641:$C$658,Kalkulasi!$A$677)) | G29: =INDEX(Kalkulasi!$AD$641:$AD$658,Kalkulasi!$A$677) | H29: =INDEX(Kalkulasi!$AE$641:$AE$658,Kalkulasi!$A$677) | I29: =INDEX(Kalkulasi!$AF$641:$AF$658,Kalkulasi!$A$677) | J29: =INDEX(Kalkulasi!$AG$641:$AG$658,Kalkulasi!$A$677) | K29: =INDEX(Kalkulasi!$AH$641:$AH$658,Kalkulasi!$A$677) | L29: =INDEX(Kalkulasi!$AI$641:$AI$658,Kalkulasi!$A$677) | M29: =INDEX(Kalkulasi!$AJ$641:$AJ$658,Kalkulasi!$A$677) | N29: =INDEX(Kalkulasi!$AK$641:$AK$658,Kalkulasi!$A$677) | O29: =INDEX(Kalkulasi!$AL$641:$AL$658,Kalkulasi!$A$677) | P29: =INDEX(Kalkulasi!$AM$641:$AM$658,Kalkulasi!$A$677) | Q29: =INDEX(Kalkulasi!$AN$641:$AN$658,Kalkulasi!$A$677) | R29: =INDEX(Kalkulasi!$AO$641:$AO$658,Kalkulasi!$A$677) | S29: =INDEX(Kalkulasi!$P$641:$P$658,Kalkulasi!$A$677) | T29: =INDEX(Kalkulasi!$AP$641:$AP$658,Kalkulasi!$A$677)
D30: =INDEX(Kalkulasi!$A$641:$A$658,Kalkulasi!$A$678)&" "&INDEX(Kalkulasi!$B$641:$B$658,Kalkulasi!$A$678) | F30: =IF(INDEX(Kalkulasi!$C$641:$C$658,Kalkulasi!$A$678)=0,"–",INDEX(Kalkulasi!$C$641:$C$658,Kalkulasi!$A$678)) | G30: =INDEX(Kalkulasi!$AD$641:$AD$658,Kalkulasi!$A$678) | H30: =INDEX(Kalkulasi!$AE$641:$AE$658,Kalkulasi!$A$678) | I30: =INDEX(Kalkulasi!$AF$641:$AF$658,Kalkulasi!$A$678) | J30: =INDEX(Kalkulasi!$AG$641:$AG$658,Kalkulasi!$A$678) | K30: =INDEX(Kalkulasi!$AH$641:$AH$658,Kalkulasi!$A$678) | L30: =INDEX(Kalkulasi!$AI$641:$AI$658,Kalkulasi!$A$678) | M30: =INDEX(Kalkulasi!$AJ$641:$AJ$658,Kalkulasi!$A$678) | N30: =INDEX(Kalkulasi!$AK$641:$AK$658,Kalkulasi!$A$678) | O30: =INDEX(Kalkulasi!$AL$641:$AL$658,Kalkulasi!$A$678) | P30: =INDEX(Kalkulasi!$AM$641:$AM$658,Kalkulasi!$A$678) | Q30: =INDEX(Kalkulasi!$AN$641:$AN$658,Kalkulasi!$A$678) | R30: =INDEX(Kalkulasi!$AO$641:$AO$658,Kalkulasi!$A$678) | S30: =INDEX(Kalkulasi!$P$641:$P$658,Kalkulasi!$A$678) | T30: =INDEX(Kalkulasi!$AP$641:$AP$658,Kalkulasi!$A$678)
D31: =INDEX(Kalkulasi!$A$641:$A$658,Kalkulasi!$A$679)&" "&INDEX(Kalkulasi!$B$641:$B$658,Kalkulasi!$A$679) | F31: =IF(INDEX(Kalkulasi!$C$641:$C$658,Kalkulasi!$A$679)=0,"–",INDEX(Kalkulasi!$C$641:$C$658,Kalkulasi!$A$679)) | G31: =INDEX(Kalkulasi!$AD$641:$AD$658,Kalkulasi!$A$679) | H31: =INDEX(Kalkulasi!$AE$641:$AE$658,Kalkulasi!$A$679) | I31: =INDEX(Kalkulasi!$AF$641:$AF$658,Kalkulasi!$A$679) | J31: =INDEX(Kalkulasi!$AG$641:$AG$658,Kalkulasi!$A$679) | K31: =INDEX(Kalkulasi!$AH$641:$AH$658,Kalkulasi!$A$679) | L31: =INDEX(Kalkulasi!$AI$641:$AI$658,Kalkulasi!$A$679) | M31: =INDEX(Kalkulasi!$AJ$641:$AJ$658,Kalkulasi!$A$679) | N31: =INDEX(Kalkulasi!$AK$641:$AK$658,Kalkulasi!$A$679) | O31: =INDEX(Kalkulasi!$AL$641:$AL$658,Kalkulasi!$A$679) | P31: =INDEX(Kalkulasi!$AM$641:$AM$658,Kalkulasi!$A$679) | Q31: =INDEX(Kalkulasi!$AN$641:$AN$658,Kalkulasi!$A$679) | R31: =INDEX(Kalkulasi!$AO$641:$AO$658,Kalkulasi!$A$679) | S31: =INDEX(Kalkulasi!$P$641:$P$658,Kalkulasi!$A$679) | T31: =INDEX(Kalkulasi!$AP$641:$AP$658,Kalkulasi!$A$679)
D32: =INDEX(Kalkulasi!$A$641:$A$658,Kalkulasi!$A$680)&" "&INDEX(Kalkulasi!$B$641:$B$658,Kalkulasi!$A$680) | F32: =IF(INDEX(Kalkulasi!$C$641:$C$658,Kalkulasi!$A$680)=0,"–",INDEX(Kalkulasi!$C$641:$C$658,Kalkulasi!$A$680)) | G32: =INDEX(Kalkulasi!$AD$641:$AD$658,Kalkulasi!$A$680) | H32: =INDEX(Kalkulasi!$AE$641:$AE$658,Kalkulasi!$A$680) | I32: =INDEX(Kalkulasi!$AF$641:$AF$658,Kalkulasi!$A$680) | J32: =INDEX(Kalkulasi!$AG$641:$AG$658,Kalkulasi!$A$680) | K32: =INDEX(Kalkulasi!$AH$641:$AH$658,Kalkulasi!$A$680) | L32: =INDEX(Kalkulasi!$AI$641:$AI$658,Kalkulasi!$A$680) | M32: =INDEX(Kalkulasi!$AJ$641:$AJ$658,Kalkulasi!$A$680) | N32: =INDEX(Kalkulasi!$AK$641:$AK$658,Kalkulasi!$A$680) | O32: =INDEX(Kalkulasi!$AL$641:$AL$658,Kalkulasi!$A$680) | P32: =INDEX(Kalkulasi!$AM$641:$AM$658,Kalkulasi!$A$680) | Q32: =INDEX(Kalkulasi!$AN$641:$AN$658,Kalkulasi!$A$680) | R32: =INDEX(Kalkulasi!$AO$641:$AO$658,Kalkulasi!$A$680) | S32: =INDEX(Kalkulasi!$P$641:$P$658,Kalkulasi!$A$680) | T32: =INDEX(Kalkulasi!$AP$641:$AP$658,Kalkulasi!$A$680)
B33: Data dummy · Coal Project
B34: Simulasi unit per shift,
B35: Maret 2026. Bukan data | D35: Produksi per jam vs plan | N35: batang = actual · garis = PTY fleet (kanan) · putus = plan/jam | O35: Kumulatif shift | U35: actual vs plan
B36: perusahaan mana pun.
B38: Muhammad Rifqi Rizqullah
B39: Mine Operations Control
D54: PTY shift per digger vs target | N54: digger dengan ritase di shift ini | O54: Teks laporan WA | U54: pilih Jam WA, salin sel ini
O55: =Kalkulasi!$B$733

Sheet Fleet & Delay
B2: PIT CONTROL | D2: Mine Ops Board / Fleet & Delay per Jam
B3: MINE OPS BOARD | D3: Fleet & Delay per Jam
D4: Match factor digger–DT dari ritase per jam · saran tambah/kurang DT · menit hilang per kategori delay
B5: BOARD
B6: =HYPERLINK("#Produksi!A1"," Produksi") | D6: Tanggal | E6: 46108 | H6: Shift | I6: DS | K6: PTY | L6: OB | O6: =HYPERLINK("#MASTER_JAM!Y3","Atur waktu muat & jarak ↗")
B7: =HYPERLINK("#Digger!A1"," Produktivitas Digger") | D7: MF < 0,8 = digger menunggu DT (kurang DT) · 0,8–1,1 = seimbang · > 1,1 = DT antri (kelebihan DT). Parameter waktu muat & jarak di MASTER_JAM.
B8: =HYPERLINK("#Availability!A1"," Availability Unit")
B9: =HYPERLINK("#'Delay & Hujan'!A1"," Delay & Hujan") | D9: MATCH FACTOR FLEET | G9: KURANG DT | J9: KELEBIHAN DT | M9: DT PER DIGGER | P9: MENIT HILANG | S9: DELAY TERBESAR
B10: =HYPERLINK("#Fuel!A1"," Fuel") | D10: =Kalkulasi!$B$863 | G10: =Kalkulasi!$B$864&" digger" | J10: =Kalkulasi!$B$865&" digger" | M10: =Kalkulasi!$B$866 | P10: =Kalkulasi!$B$868 | S10: =Kalkulasi!$B$869
B11: =HYPERLINK("#'Tren PTY'!A1"," Tren PTY") | D11: ="rata-rata jam digger aktif · ideal 0,8–1,1" | G11: ="saran tambah DT (MF rendah)" | J11: ="DT berpotensi antri (MF tinggi)" | M11: ="rata-rata per jam · "&TEXT(Kalkulasi!$B$867,"0.0")&" rit/DT/jam" | P11: ="digger × menit delay shift ini" | S11: =TEXT(Kalkulasi!$B$870,"#,##0")&" menit · "&TEXT(IF(Kalkulasi!$B$868=0,0,Kalkulasi!$B$870/Kalkulasi!$B$868),"0%")&" dari total"
B13: PER JAM | D13: Match factor per jam | U13: angka = MF per jam · DT = rata-rata DT per jam · urut ritase terbanyak
B14: =HYPERLINK("#'PTY per Jam'!A1"," PTY per Jam") | D14: Digger | F14: =Kalkulasi!$A$756 | G14: =Kalkulasi!$A$757 | H14: =Kalkulasi!$A$758 | I14: =Kalkulasi!$A$759 | J14: =Kalkulasi!$A$760 | K14: =Kalkulasi!$A$761 | L14: =Kalkulasi!$A$762 | M14: =Kalkulasi!$A$763 | N14: =Kalkulasi!$A$764 | O14: =Kalkulasi!$A$765 | P14: =Kalkulasi!$A$766 | Q14: =Kalkulasi!$A$767 | R14: DT | S14: MF | T14: Ideal | U14: Saran
B15: =HYPERLINK("#'Fleet & Delay'!A1"," Fleet & Delay") | D15: =IF(INDEX(Kalkulasi!$BI$772:$BI$789,Kalkulasi!$A$793)>0,INDEX(Kalkulasi!$A$772:$A$789,Kalkulasi!$A$793)&" "&INDEX(Kalkulasi!$B$772:$B$789,Kalkulasi!$A$793),"") | F15: =IF(INDEX(Kalkulasi!$D$772:$D$789,Kalkulasi!$A$793)=0,"",INDEX(Kalkulasi!$Q$772:$Q$789,Kalkulasi!$A$793)) | G15: =IF(INDEX(Kalkulasi!$E$772:$E$789,Kalkulasi!$A$793)=0,"",INDEX(Kalkulasi!$R$772:$R$789,Kalkulasi!$A$793)) | H15: =IF(INDEX(Kalkulasi!$F$772:$F$789,Kalkulasi!$A$793)=0,"",INDEX(Kalkulasi!$S$772:$S$789,Kalkulasi!$A$793)) | I15: =IF(INDEX(Kalkulasi!$G$772:$G$789,Kalkulasi!$A$793)=0,"",INDEX(Kalkulasi!$T$772:$T$789,Kalkulasi!$A$793)) | J15: =IF(INDEX(Kalkulasi!$H$772:$H$789,Kalkulasi!$A$793)=0,"",INDEX(Kalkulasi!$U$772:$U$789,Kalkulasi!$A$793)) | K15: =IF(INDEX(Kalkulasi!$I$772:$I$789,Kalkulasi!$A$793)=0,"",INDEX(Kalkulasi!$V$772:$V$789,Kalkulasi!$A$793)) | L15: =IF(INDEX(Kalkulasi!$J$772:$J$789,Kalkulasi!$A$793)=0,"",INDEX(Kalkulasi!$W$772:$W$789,Kalkulasi!$A$793)) | M15: =IF(INDEX(Kalkulasi!$K$772:$K$789,Kalkulasi!$A$793)=0,"",INDEX(Kalkulasi!$X$772:$X$789,Kalkulasi!$A$793)) | N15: =IF(INDEX(Kalkulasi!$L$772:$L$789,Kalkulasi!$A$793)=0,"",INDEX(Kalkulasi!$Y$772:$Y$789,Kalkulasi!$A$793)) | O15: =IF(INDEX(Kalkulasi!$M$772:$M$789,Kalkulasi!$A$793)=0,"",INDEX(Kalkulasi!$Z$772:$Z$789,Kalkulasi!$A$793)) | P15: =IF(INDEX(Kalkulasi!$N$772:$N$789,Kalkulasi!$A$793)=0,"",INDEX(Kalkulasi!$AA$772:$AA$789,Kalkulasi!$A$793)) | Q15: =IF(INDEX(Kalkulasi!$O$772:$O$789,Kalkulasi!$A$793)=0,"",INDEX(Kalkulasi!$AB$772:$AB$789,Kalkulasi!$A$793)) | R15: =IF(INDEX(Kalkulasi!$BI$772:$BI$789,Kalkulasi!$A$793)>0,INDEX(Kalkulasi!$BE$772:$BE$789,Kalkulasi!$A$793),"") | S15: =IF(INDEX(Kalkulasi!$BI$772:$BI$789,Kalkulasi!$A$793)>0,INDEX(Kalkulasi!$BF$772:$BF$789,Kalkulasi!$A$793),"") | T15: =IF(INDEX(Kalkulasi!$BI$772:$BI$789,Kalkulasi!$A$793)>0,INDEX(Kalkulasi!$BG$772:$BG$789,Kalkulasi!$A$793),"") | U15: =IF(OR(NOT(INDEX(Kalkulasi!$BI$772:$BI$789,Kalkulasi!$A$793)>0),INDEX(Kalkulasi!$BH$772:$BH$789,Kalkulasi!$A$793)=""),"",IF(INDEX(Kalkulasi!$BH$772:$BH$789,Kalkulasi!$A$793)=0,"Pas",IF(INDEX(Kalkulasi!$BH$772:$BH$789,Kalkulasi!$A$793)>0,"+"&INDEX(Kalkulasi!$BH$772:$BH$789,Kalkulasi!$A$793)&" DT",INDEX(Kalkulasi!$BH$772:$BH$789,Kalkulasi!$A$793)&" DT")))
B16: =HYPERLINK("#'Daily Report'!A1"," Daily Report") | D16: =IF(INDEX(Kalkulasi!$BI$772:$BI$789,Kalkulasi!$A$794)>0,INDEX(Kalkulasi!$A$772:$A$789,Kalkulasi!$A$794)&" "&INDEX(Kalkulasi!$B$772:$B$789,Kalkulasi!$A$794),"") | F16: =IF(INDEX(Kalkulasi!$D$772:$D$789,Kalkulasi!$A$794)=0,"",INDEX(Kalkulasi!$Q$772:$Q$789,Kalkulasi!$A$794)) | G16: =IF(INDEX(Kalkulasi!$E$772:$E$789,Kalkulasi!$A$794)=0,"",INDEX(Kalkulasi!$R$772:$R$789,Kalkulasi!$A$794)) | H16: =IF(INDEX(Kalkulasi!$F$772:$F$789,Kalkulasi!$A$794)=0,"",INDEX(Kalkulasi!$S$772:$S$789,Kalkulasi!$A$794)) | I16: =IF(INDEX(Kalkulasi!$G$772:$G$789,Kalkulasi!$A$794)=0,"",INDEX(Kalkulasi!$T$772:$T$789,Kalkulasi!$A$794)) | J16: =IF(INDEX(Kalkulasi!$H$772:$H$789,Kalkulasi!$A$794)=0,"",INDEX(Kalkulasi!$U$772:$U$789,Kalkulasi!$A$794)) | K16: =IF(INDEX(Kalkulasi!$I$772:$I$789,Kalkulasi!$A$794)=0,"",INDEX(Kalkulasi!$V$772:$V$789,Kalkulasi!$A$794)) | L16: =IF(INDEX(Kalkulasi!$J$772:$J$789,Kalkulasi!$A$794)=0,"",INDEX(Kalkulasi!$W$772:$W$789,Kalkulasi!$A$794)) | M16: =IF(INDEX(Kalkulasi!$K$772:$K$789,Kalkulasi!$A$794)=0,"",INDEX(Kalkulasi!$X$772:$X$789,Kalkulasi!$A$794)) | N16: =IF(INDEX(Kalkulasi!$L$772:$L$789,Kalkulasi!$A$794)=0,"",INDEX(Kalkulasi!$Y$772:$Y$789,Kalkulasi!$A$794)) | O16: =IF(INDEX(Kalkulasi!$M$772:$M$789,Kalkulasi!$A$794)=0,"",INDEX(Kalkulasi!$Z$772:$Z$789,Kalkulasi!$A$794)) | P16: =IF(INDEX(Kalkulasi!$N$772:$N$789,Kalkulasi!$A$794)=0,"",INDEX(Kalkulasi!$AA$772:$AA$789,Kalkulasi!$A$794)) | Q16: =IF(INDEX(Kalkulasi!$O$772:$O$789,Kalkulasi!$A$794)=0,"",INDEX(Kalkulasi!$AB$772:$AB$789,Kalkulasi!$A$794)) | R16: =IF(INDEX(Kalkulasi!$BI$772:$BI$789,Kalkulasi!$A$794)>0,INDEX(Kalkulasi!$BE$772:$BE$789,Kalkulasi!$A$794),"") | S16: =IF(INDEX(Kalkulasi!$BI$772:$BI$789,Kalkulasi!$A$794)>0,INDEX(Kalkulasi!$BF$772:$BF$789,Kalkulasi!$A$794),"") | T16: =IF(INDEX(Kalkulasi!$BI$772:$BI$789,Kalkulasi!$A$794)>0,INDEX(Kalkulasi!$BG$772:$BG$789,Kalkulasi!$A$794),"") | U16: =IF(OR(NOT(INDEX(Kalkulasi!$BI$772:$BI$789,Kalkulasi!$A$794)>0),INDEX(Kalkulasi!$BH$772:$BH$789,Kalkulasi!$A$794)=""),"",IF(INDEX(Kalkulasi!$BH$772:$BH$789,Kalkulasi!$A$794)=0,"Pas",IF(INDEX(Kalkulasi!$BH$772:$BH$789,Kalkulasi!$A$794)>0,"+"&INDEX(Kalkulasi!$BH$772:$BH$789,Kalkulasi!$A$794)&" DT",INDEX(Kalkulasi!$BH$772:$BH$789,Kalkulasi!$A$794)&" DT")))
B17: =HYPERLINK("#INPUT_RITASE!A1"," Input ritase ↗") | D17: =IF(INDEX(Kalkulasi!$BI$772:$BI$789,Kalkulasi!$A$795)>0,INDEX(Kalkulasi!$A$772:$A$789,Kalkulasi!$A$795)&" "&INDEX(Kalkulasi!$B$772:$B$789,Kalkulasi!$A$795),"") | F17: =IF(INDEX(Kalkulasi!$D$772:$D$789,Kalkulasi!$A$795)=0,"",INDEX(Kalkulasi!$Q$772:$Q$789,Kalkulasi!$A$795)) | G17: =IF(INDEX(Kalkulasi!$E$772:$E$789,Kalkulasi!$A$795)=0,"",INDEX(Kalkulasi!$R$772:$R$789,Kalkulasi!$A$795)) | H17: =IF(INDEX(Kalkulasi!$F$772:$F$789,Kalkulasi!$A$795)=0,"",INDEX(Kalkulasi!$S$772:$S$789,Kalkulasi!$A$795)) | I17: =IF(INDEX(Kalkulasi!$G$772:$G$789,Kalkulasi!$A$795)=0,"",INDEX(Kalkulasi!$T$772:$T$789,Kalkulasi!$A$795)) | J17: =IF(INDEX(Kalkulasi!$H$772:$H$789,Kalkulasi!$A$795)=0,"",INDEX(Kalkulasi!$U$772:$U$789,Kalkulasi!$A$795)) | K17: =IF(INDEX(Kalkulasi!$I$772:$I$789,Kalkulasi!$A$795)=0,"",INDEX(Kalkulasi!$V$772:$V$789,Kalkulasi!$A$795)) | L17: =IF(INDEX(Kalkulasi!$J$772:$J$789,Kalkulasi!$A$795)=0,"",INDEX(Kalkulasi!$W$772:$W$789,Kalkulasi!$A$795)) | M17: =IF(INDEX(Kalkulasi!$K$772:$K$789,Kalkulasi!$A$795)=0,"",INDEX(Kalkulasi!$X$772:$X$789,Kalkulasi!$A$795)) | N17: =IF(INDEX(Kalkulasi!$L$772:$L$789,Kalkulasi!$A$795)=0,"",INDEX(Kalkulasi!$Y$772:$Y$789,Kalkulasi!$A$795)) | O17: =IF(INDEX(Kalkulasi!$M$772:$M$789,Kalkulasi!$A$795)=0,"",INDEX(Kalkulasi!$Z$772:$Z$789,Kalkulasi!$A$795)) | P17: =IF(INDEX(Kalkulasi!$N$772:$N$789,Kalkulasi!$A$795)=0,"",INDEX(Kalkulasi!$AA$772:$AA$789,Kalkulasi!$A$795)) | Q17: =IF(INDEX(Kalkulasi!$O$772:$O$789,Kalkulasi!$A$795)=0,"",INDEX(Kalkulasi!$AB$772:$AB$789,Kalkulasi!$A$795)) | R17: =IF(INDEX(Kalkulasi!$BI$772:$BI$789,Kalkulasi!$A$795)>0,INDEX(Kalkulasi!$BE$772:$BE$789,Kalkulasi!$A$795),"") | S17: =IF(INDEX(Kalkulasi!$BI$772:$BI$789,Kalkulasi!$A$795)>0,INDEX(Kalkulasi!$BF$772:$BF$789,Kalkulasi!$A$795),"") | T17: =IF(INDEX(Kalkulasi!$BI$772:$BI$789,Kalkulasi!$A$795)>0,INDEX(Kalkulasi!$BG$772:$BG$789,Kalkulasi!$A$795),"") | U17: =IF(OR(NOT(INDEX(Kalkulasi!$BI$772:$BI$789,Kalkulasi!$A$795)>0),INDEX(Kalkulasi!$BH$772:$BH$789,Kalkulasi!$A$795)=""),"",IF(INDEX(Kalkulasi!$BH$772:$BH$789,Kalkulasi!$A$795)=0,"Pas",IF(INDEX(Kalkulasi!$BH$772:$BH$789,Kalkulasi!$A$795)>0,"+"&INDEX(Kalkulasi!$BH$772:$BH$789,Kalkulasi!$A$795)&" DT",INDEX(Kalkulasi!$BH$772:$BH$789,Kalkulasi!$A$795)&" DT")))
B18: =HYPERLINK("#INPUT_DELAY!A1"," Input delay ↗") | D18: =IF(INDEX(Kalkulasi!$BI$772:$BI$789,Kalkulasi!$A$796)>0,INDEX(Kalkulasi!$A$772:$A$789,Kalkulasi!$A$796)&" "&INDEX(Kalkulasi!$B$772:$B$789,Kalkulasi!$A$796),"") | F18: =IF(INDEX(Kalkulasi!$D$772:$D$789,Kalkulasi!$A$796)=0,"",INDEX(Kalkulasi!$Q$772:$Q$789,Kalkulasi!$A$796)) | G18: =IF(INDEX(Kalkulasi!$E$772:$E$789,Kalkulasi!$A$796)=0,"",INDEX(Kalkulasi!$R$772:$R$789,Kalkulasi!$A$796)) | H18: =IF(INDEX(Kalkulasi!$F$772:$F$789,Kalkulasi!$A$796)=0,"",INDEX(Kalkulasi!$S$772:$S$789,Kalkulasi!$A$796)) | I18: =IF(INDEX(Kalkulasi!$G$772:$G$789,Kalkulasi!$A$796)=0,"",INDEX(Kalkulasi!$T$772:$T$789,Kalkulasi!$A$796)) | J18: =IF(INDEX(Kalkulasi!$H$772:$H$789,Kalkulasi!$A$796)=0,"",INDEX(Kalkulasi!$U$772:$U$789,Kalkulasi!$A$796)) | K18: =IF(INDEX(Kalkulasi!$I$772:$I$789,Kalkulasi!$A$796)=0,"",INDEX(Kalkulasi!$V$772:$V$789,Kalkulasi!$A$796)) | L18: =IF(INDEX(Kalkulasi!$J$772:$J$789,Kalkulasi!$A$796)=0,"",INDEX(Kalkulasi!$W$772:$W$789,Kalkulasi!$A$796)) | M18: =IF(INDEX(Kalkulasi!$K$772:$K$789,Kalkulasi!$A$796)=0,"",INDEX(Kalkulasi!$X$772:$X$789,Kalkulasi!$A$796)) | N18: =IF(INDEX(Kalkulasi!$L$772:$L$789,Kalkulasi!$A$796)=0,"",INDEX(Kalkulasi!$Y$772:$Y$789,Kalkulasi!$A$796)) | O18: =IF(INDEX(Kalkulasi!$M$772:$M$789,Kalkulasi!$A$796)=0,"",INDEX(Kalkulasi!$Z$772:$Z$789,Kalkulasi!$A$796)) | P18: =IF(INDEX(Kalkulasi!$N$772:$N$789,Kalkulasi!$A$796)=0,"",INDEX(Kalkulasi!$AA$772:$AA$789,Kalkulasi!$A$796)) | Q18: =IF(INDEX(Kalkulasi!$O$772:$O$789,Kalkulasi!$A$796)=0,"",INDEX(Kalkulasi!$AB$772:$AB$789,Kalkulasi!$A$796)) | R18: =IF(INDEX(Kalkulasi!$BI$772:$BI$789,Kalkulasi!$A$796)>0,INDEX(Kalkulasi!$BE$772:$BE$789,Kalkulasi!$A$796),"") | S18: =IF(INDEX(Kalkulasi!$BI$772:$BI$789,Kalkulasi!$A$796)>0,INDEX(Kalkulasi!$BF$772:$BF$789,Kalkulasi!$A$796),"") | T18: =IF(INDEX(Kalkulasi!$BI$772:$BI$789,Kalkulasi!$A$796)>0,INDEX(Kalkulasi!$BG$772:$BG$789,Kalkulasi!$A$796),"") | U18: =IF(OR(NOT(INDEX(Kalkulasi!$BI$772:$BI$789,Kalkulasi!$A$796)>0),INDEX(Kalkulasi!$BH$772:$BH$789,Kalkulasi!$A$796)=""),"",IF(INDEX(Kalkulasi!$BH$772:$BH$789,Kalkulasi!$A$796)=0,"Pas",IF(INDEX(Kalkulasi!$BH$772:$BH$789,Kalkulasi!$A$796)>0,"+"&INDEX(Kalkulasi!$BH$772:$BH$789,Kalkulasi!$A$796)&" DT",INDEX(Kalkulasi!$BH$772:$BH$789,Kalkulasi!$A$796)&" DT")))
D19: =IF(INDEX(Kalkulasi!$BI$772:$BI$789,Kalkulasi!$A$797)>0,INDEX(Kalkulasi!$A$772:$A$789,Kalkulasi!$A$797)&" "&INDEX(Kalkulasi!$B$772:$B$789,Kalkulasi!$A$797),"") | F19: =IF(INDEX(Kalkulasi!$D$772:$D$789,Kalkulasi!$A$797)=0,"",INDEX(Kalkulasi!$Q$772:$Q$789,Kalkulasi!$A$797)) | G19: =IF(INDEX(Kalkulasi!$E$772:$E$789,Kalkulasi!$A$797)=0,"",INDEX(Kalkulasi!$R$772:$R$789,Kalkulasi!$A$797)) | H19: =IF(INDEX(Kalkulasi!$F$772:$F$789,Kalkulasi!$A$797)=0,"",INDEX(Kalkulasi!$S$772:$S$789,Kalkulasi!$A$797)) | I19: =IF(INDEX(Kalkulasi!$G$772:$G$789,Kalkulasi!$A$797)=0,"",INDEX(Kalkulasi!$T$772:$T$789,Kalkulasi!$A$797)) | J19: =IF(INDEX(Kalkulasi!$H$772:$H$789,Kalkulasi!$A$797)=0,"",INDEX(Kalkulasi!$U$772:$U$789,Kalkulasi!$A$797)) | K19: =IF(INDEX(Kalkulasi!$I$772:$I$789,Kalkulasi!$A$797)=0,"",INDEX(Kalkulasi!$V$772:$V$789,Kalkulasi!$A$797)) | L19: =IF(INDEX(Kalkulasi!$J$772:$J$789,Kalkulasi!$A$797)=0,"",INDEX(Kalkulasi!$W$772:$W$789,Kalkulasi!$A$797)) | M19: =IF(INDEX(Kalkulasi!$K$772:$K$789,Kalkulasi!$A$797)=0,"",INDEX(Kalkulasi!$X$772:$X$789,Kalkulasi!$A$797)) | N19: =IF(INDEX(Kalkulasi!$L$772:$L$789,Kalkulasi!$A$797)=0,"",INDEX(Kalkulasi!$Y$772:$Y$789,Kalkulasi!$A$797)) | O19: =IF(INDEX(Kalkulasi!$M$772:$M$789,Kalkulasi!$A$797)=0,"",INDEX(Kalkulasi!$Z$772:$Z$789,Kalkulasi!$A$797)) | P19: =IF(INDEX(Kalkulasi!$N$772:$N$789,Kalkulasi!$A$797)=0,"",INDEX(Kalkulasi!$AA$772:$AA$789,Kalkulasi!$A$797)) | Q19: =IF(INDEX(Kalkulasi!$O$772:$O$789,Kalkulasi!$A$797)=0,"",INDEX(Kalkulasi!$AB$772:$AB$789,Kalkulasi!$A$797)) | R19: =IF(INDEX(Kalkulasi!$BI$772:$BI$789,Kalkulasi!$A$797)>0,INDEX(Kalkulasi!$BE$772:$BE$789,Kalkulasi!$A$797),"") | S19: =IF(INDEX(Kalkulasi!$BI$772:$BI$789,Kalkulasi!$A$797)>0,INDEX(Kalkulasi!$BF$772:$BF$789,Kalkulasi!$A$797),"") | T19: =IF(INDEX(Kalkulasi!$BI$772:$BI$789,Kalkulasi!$A$797)>0,INDEX(Kalkulasi!$BG$772:$BG$789,Kalkulasi!$A$797),"") | U19: =IF(OR(NOT(INDEX(Kalkulasi!$BI$772:$BI$789,Kalkulasi!$A$797)>0),INDEX(Kalkulasi!$BH$772:$BH$789,Kalkulasi!$A$797)=""),"",IF(INDEX(Kalkulasi!$BH$772:$BH$789,Kalkulasi!$A$797)=0,"Pas",IF(INDEX(Kalkulasi!$BH$772:$BH$789,Kalkulasi!$A$797)>0,"+"&INDEX(Kalkulasi!$BH$772:$BH$789,Kalkulasi!$A$797)&" DT",INDEX(Kalkulasi!$BH$772:$BH$789,Kalkulasi!$A$797)&" DT")))
B20: DATA | D20: =IF(INDEX(Kalkulasi!$BI$772:$BI$789,Kalkulasi!$A$798)>0,INDEX(Kalkulasi!$A$772:$A$789,Kalkulasi!$A$798)&" "&INDEX(Kalkulasi!$B$772:$B$789,Kalkulasi!$A$798),"") | F20: =IF(INDEX(Kalkulasi!$D$772:$D$789,Kalkulasi!$A$798)=0,"",INDEX(Kalkulasi!$Q$772:$Q$789,Kalkulasi!$A$798)) | G20: =IF(INDEX(Kalkulasi!$E$772:$E$789,Kalkulasi!$A$798)=0,"",INDEX(Kalkulasi!$R$772:$R$789,Kalkulasi!$A$798)) | H20: =IF(INDEX(Kalkulasi!$F$772:$F$789,Kalkulasi!$A$798)=0,"",INDEX(Kalkulasi!$S$772:$S$789,Kalkulasi!$A$798)) | I20: =IF(INDEX(Kalkulasi!$G$772:$G$789,Kalkulasi!$A$798)=0,"",INDEX(Kalkulasi!$T$772:$T$789,Kalkulasi!$A$798)) | J20: =IF(INDEX(Kalkulasi!$H$772:$H$789,Kalkulasi!$A$798)=0,"",INDEX(Kalkulasi!$U$772:$U$789,Kalkulasi!$A$798)) | K20: =IF(INDEX(Kalkulasi!$I$772:$I$789,Kalkulasi!$A$798)=0,"",INDEX(Kalkulasi!$V$772:$V$789,Kalkulasi!$A$798)) | L20: =IF(INDEX(Kalkulasi!$J$772:$J$789,Kalkulasi!$A$798)=0,"",INDEX(Kalkulasi!$W$772:$W$789,Kalkulasi!$A$798)) | M20: =IF(INDEX(Kalkulasi!$K$772:$K$789,Kalkulasi!$A$798)=0,"",INDEX(Kalkulasi!$X$772:$X$789,Kalkulasi!$A$798)) | N20: =IF(INDEX(Kalkulasi!$L$772:$L$789,Kalkulasi!$A$798)=0,"",INDEX(Kalkulasi!$Y$772:$Y$789,Kalkulasi!$A$798)) | O20: =IF(INDEX(Kalkulasi!$M$772:$M$789,Kalkulasi!$A$798)=0,"",INDEX(Kalkulasi!$Z$772:$Z$789,Kalkulasi!$A$798)) | P20: =IF(INDEX(Kalkulasi!$N$772:$N$789,Kalkulasi!$A$798)=0,"",INDEX(Kalkulasi!$AA$772:$AA$789,Kalkulasi!$A$798)) | Q20: =IF(INDEX(Kalkulasi!$O$772:$O$789,Kalkulasi!$A$798)=0,"",INDEX(Kalkulasi!$AB$772:$AB$789,Kalkulasi!$A$798)) | R20: =IF(INDEX(Kalkulasi!$BI$772:$BI$789,Kalkulasi!$A$798)>0,INDEX(Kalkulasi!$BE$772:$BE$789,Kalkulasi!$A$798),"") | S20: =IF(INDEX(Kalkulasi!$BI$772:$BI$789,Kalkulasi!$A$798)>0,INDEX(Kalkulasi!$BF$772:$BF$789,Kalkulasi!$A$798),"") | T20: =IF(INDEX(Kalkulasi!$BI$772:$BI$789,Kalkulasi!$A$798)>0,INDEX(Kalkulasi!$BG$772:$BG$789,Kalkulasi!$A$798),"") | U20: =IF(OR(NOT(INDEX(Kalkulasi!$BI$772:$BI$789,Kalkulasi!$A$798)>0),INDEX(Kalkulasi!$BH$772:$BH$789,Kalkulasi!$A$798)=""),"",IF(INDEX(Kalkulasi!$BH$772:$BH$789,Kalkulasi!$A$798)=0,"Pas",IF(INDEX(Kalkulasi!$BH$772:$BH$789,Kalkulasi!$A$798)>0,"+"&INDEX(Kalkulasi!$BH$772:$BH$789,Kalkulasi!$A$798)&" DT",INDEX(Kalkulasi!$BH$772:$BH$789,Kalkulasi!$A$798)&" DT")))
B21: =HYPERLINK("#'Master Data'!A1"," Master Data") | D21: =IF(INDEX(Kalkulasi!$BI$772:$BI$789,Kalkulasi!$A$799)>0,INDEX(Kalkulasi!$A$772:$A$789,Kalkulasi!$A$799)&" "&INDEX(Kalkulasi!$B$772:$B$789,Kalkulasi!$A$799),"") | F21: =IF(INDEX(Kalkulasi!$D$772:$D$789,Kalkulasi!$A$799)=0,"",INDEX(Kalkulasi!$Q$772:$Q$789,Kalkulasi!$A$799)) | G21: =IF(INDEX(Kalkulasi!$E$772:$E$789,Kalkulasi!$A$799)=0,"",INDEX(Kalkulasi!$R$772:$R$789,Kalkulasi!$A$799)) | H21: =IF(INDEX(Kalkulasi!$F$772:$F$789,Kalkulasi!$A$799)=0,"",INDEX(Kalkulasi!$S$772:$S$789,Kalkulasi!$A$799)) | I21: =IF(INDEX(Kalkulasi!$G$772:$G$789,Kalkulasi!$A$799)=0,"",INDEX(Kalkulasi!$T$772:$T$789,Kalkulasi!$A$799)) | J21: =IF(INDEX(Kalkulasi!$H$772:$H$789,Kalkulasi!$A$799)=0,"",INDEX(Kalkulasi!$U$772:$U$789,Kalkulasi!$A$799)) | K21: =IF(INDEX(Kalkulasi!$I$772:$I$789,Kalkulasi!$A$799)=0,"",INDEX(Kalkulasi!$V$772:$V$789,Kalkulasi!$A$799)) | L21: =IF(INDEX(Kalkulasi!$J$772:$J$789,Kalkulasi!$A$799)=0,"",INDEX(Kalkulasi!$W$772:$W$789,Kalkulasi!$A$799)) | M21: =IF(INDEX(Kalkulasi!$K$772:$K$789,Kalkulasi!$A$799)=0,"",INDEX(Kalkulasi!$X$772:$X$789,Kalkulasi!$A$799)) | N21: =IF(INDEX(Kalkulasi!$L$772:$L$789,Kalkulasi!$A$799)=0,"",INDEX(Kalkulasi!$Y$772:$Y$789,Kalkulasi!$A$799)) | O21: =IF(INDEX(Kalkulasi!$M$772:$M$789,Kalkulasi!$A$799)=0,"",INDEX(Kalkulasi!$Z$772:$Z$789,Kalkulasi!$A$799)) | P21: =IF(INDEX(Kalkulasi!$N$772:$N$789,Kalkulasi!$A$799)=0,"",INDEX(Kalkulasi!$AA$772:$AA$789,Kalkulasi!$A$799)) | Q21: =IF(INDEX(Kalkulasi!$O$772:$O$789,Kalkulasi!$A$799)=0,"",INDEX(Kalkulasi!$AB$772:$AB$789,Kalkulasi!$A$799)) | R21: =IF(INDEX(Kalkulasi!$BI$772:$BI$789,Kalkulasi!$A$799)>0,INDEX(Kalkulasi!$BE$772:$BE$789,Kalkulasi!$A$799),"") | S21: =IF(INDEX(Kalkulasi!$BI$772:$BI$789,Kalkulasi!$A$799)>0,INDEX(Kalkulasi!$BF$772:$BF$789,Kalkulasi!$A$799),"") | T21: =IF(INDEX(Kalkulasi!$BI$772:$BI$789,Kalkulasi!$A$799)>0,INDEX(Kalkulasi!$BG$772:$BG$789,Kalkulasi!$A$799),"") | U21: =IF(OR(NOT(INDEX(Kalkulasi!$BI$772:$BI$789,Kalkulasi!$A$799)>0),INDEX(Kalkulasi!$BH$772:$BH$789,Kalkulasi!$A$799)=""),"",IF(INDEX(Kalkulasi!$BH$772:$BH$789,Kalkulasi!$A$799)=0,"Pas",IF(INDEX(Kalkulasi!$BH$772:$BH$789,Kalkulasi!$A$799)>0,"+"&INDEX(Kalkulasi!$BH$772:$BH$789,Kalkulasi!$A$799)&" DT",INDEX(Kalkulasi!$BH$772:$BH$789,Kalkulasi!$A$799)&" DT")))
B22: =HYPERLINK("#DATA_TS!A1"," Tabel timesheet ↗") | D22: =IF(INDEX(Kalkulasi!$BI$772:$BI$789,Kalkulasi!$A$800)>0,INDEX(Kalkulasi!$A$772:$A$789,Kalkulasi!$A$800)&" "&INDEX(Kalkulasi!$B$772:$B$789,Kalkulasi!$A$800),"") | F22: =IF(INDEX(Kalkulasi!$D$772:$D$789,Kalkulasi!$A$800)=0,"",INDEX(Kalkulasi!$Q$772:$Q$789,Kalkulasi!$A$800)) | G22: =IF(INDEX(Kalkulasi!$E$772:$E$789,Kalkulasi!$A$800)=0,"",INDEX(Kalkulasi!$R$772:$R$789,Kalkulasi!$A$800)) | H22: =IF(INDEX(Kalkulasi!$F$772:$F$789,Kalkulasi!$A$800)=0,"",INDEX(Kalkulasi!$S$772:$S$789,Kalkulasi!$A$800)) | I22: =IF(INDEX(Kalkulasi!$G$772:$G$789,Kalkulasi!$A$800)=0,"",INDEX(Kalkulasi!$T$772:$T$789,Kalkulasi!$A$800)) | J22: =IF(INDEX(Kalkulasi!$H$772:$H$789,Kalkulasi!$A$800)=0,"",INDEX(Kalkulasi!$U$772:$U$789,Kalkulasi!$A$800)) | K22: =IF(INDEX(Kalkulasi!$I$772:$I$789,Kalkulasi!$A$800)=0,"",INDEX(Kalkulasi!$V$772:$V$789,Kalkulasi!$A$800)) | L22: =IF(INDEX(Kalkulasi!$J$772:$J$789,Kalkulasi!$A$800)=0,"",INDEX(Kalkulasi!$W$772:$W$789,Kalkulasi!$A$800)) | M22: =IF(INDEX(Kalkulasi!$K$772:$K$789,Kalkulasi!$A$800)=0,"",INDEX(Kalkulasi!$X$772:$X$789,Kalkulasi!$A$800)) | N22: =IF(INDEX(Kalkulasi!$L$772:$L$789,Kalkulasi!$A$800)=0,"",INDEX(Kalkulasi!$Y$772:$Y$789,Kalkulasi!$A$800)) | O22: =IF(INDEX(Kalkulasi!$M$772:$M$789,Kalkulasi!$A$800)=0,"",INDEX(Kalkulasi!$Z$772:$Z$789,Kalkulasi!$A$800)) | P22: =IF(INDEX(Kalkulasi!$N$772:$N$789,Kalkulasi!$A$800)=0,"",INDEX(Kalkulasi!$AA$772:$AA$789,Kalkulasi!$A$800)) | Q22: =IF(INDEX(Kalkulasi!$O$772:$O$789,Kalkulasi!$A$800)=0,"",INDEX(Kalkulasi!$AB$772:$AB$789,Kalkulasi!$A$800)) | R22: =IF(INDEX(Kalkulasi!$BI$772:$BI$789,Kalkulasi!$A$800)>0,INDEX(Kalkulasi!$BE$772:$BE$789,Kalkulasi!$A$800),"") | S22: =IF(INDEX(Kalkulasi!$BI$772:$BI$789,Kalkulasi!$A$800)>0,INDEX(Kalkulasi!$BF$772:$BF$789,Kalkulasi!$A$800),"") | T22: =IF(INDEX(Kalkulasi!$BI$772:$BI$789,Kalkulasi!$A$800)>0,INDEX(Kalkulasi!$BG$772:$BG$789,Kalkulasi!$A$800),"") | U22: =IF(OR(NOT(INDEX(Kalkulasi!$BI$772:$BI$789,Kalkulasi!$A$800)>0),INDEX(Kalkulasi!$BH$772:$BH$789,Kalkulasi!$A$800)=""),"",IF(INDEX(Kalkulasi!$BH$772:$BH$789,Kalkulasi!$A$800)=0,"Pas",IF(INDEX(Kalkulasi!$BH$772:$BH$789,Kalkulasi!$A$800)>0,"+"&INDEX(Kalkulasi!$BH$772:$BH$789,Kalkulasi!$A$800)&" DT",INDEX(Kalkulasi!$BH$772:$BH$789,Kalkulasi!$A$800)&" DT")))
B23: =HYPERLINK("#DATA_FUEL!A1"," Tabel fuel ↗") | D23: =IF(INDEX(Kalkulasi!$BI$772:$BI$789,Kalkulasi!$A$801)>0,INDEX(Kalkulasi!$A$772:$A$789,Kalkulasi!$A$801)&" "&INDEX(Kalkulasi!$B$772:$B$789,Kalkulasi!$A$801),"") | F23: =IF(INDEX(Kalkulasi!$D$772:$D$789,Kalkulasi!$A$801)=0,"",INDEX(Kalkulasi!$Q$772:$Q$789,Kalkulasi!$A$801)) | G23: =IF(INDEX(Kalkulasi!$E$772:$E$789,Kalkulasi!$A$801)=0,"",INDEX(Kalkulasi!$R$772:$R$789,Kalkulasi!$A$801)) | H23: =IF(INDEX(Kalkulasi!$F$772:$F$789,Kalkulasi!$A$801)=0,"",INDEX(Kalkulasi!$S$772:$S$789,Kalkulasi!$A$801)) | I23: =IF(INDEX(Kalkulasi!$G$772:$G$789,Kalkulasi!$A$801)=0,"",INDEX(Kalkulasi!$T$772:$T$789,Kalkulasi!$A$801)) | J23: =IF(INDEX(Kalkulasi!$H$772:$H$789,Kalkulasi!$A$801)=0,"",INDEX(Kalkulasi!$U$772:$U$789,Kalkulasi!$A$801)) | K23: =IF(INDEX(Kalkulasi!$I$772:$I$789,Kalkulasi!$A$801)=0,"",INDEX(Kalkulasi!$V$772:$V$789,Kalkulasi!$A$801)) | L23: =IF(INDEX(Kalkulasi!$J$772:$J$789,Kalkulasi!$A$801)=0,"",INDEX(Kalkulasi!$W$772:$W$789,Kalkulasi!$A$801)) | M23: =IF(INDEX(Kalkulasi!$K$772:$K$789,Kalkulasi!$A$801)=0,"",INDEX(Kalkulasi!$X$772:$X$789,Kalkulasi!$A$801)) | N23: =IF(INDEX(Kalkulasi!$L$772:$L$789,Kalkulasi!$A$801)=0,"",INDEX(Kalkulasi!$Y$772:$Y$789,Kalkulasi!$A$801)) | O23: =IF(INDEX(Kalkulasi!$M$772:$M$789,Kalkulasi!$A$801)=0,"",INDEX(Kalkulasi!$Z$772:$Z$789,Kalkulasi!$A$801)) | P23: =IF(INDEX(Kalkulasi!$N$772:$N$789,Kalkulasi!$A$801)=0,"",INDEX(Kalkulasi!$AA$772:$AA$789,Kalkulasi!$A$801)) | Q23: =IF(INDEX(Kalkulasi!$O$772:$O$789,Kalkulasi!$A$801)=0,"",INDEX(Kalkulasi!$AB$772:$AB$789,Kalkulasi!$A$801)) | R23: =IF(INDEX(Kalkulasi!$BI$772:$BI$789,Kalkulasi!$A$801)>0,INDEX(Kalkulasi!$BE$772:$BE$789,Kalkulasi!$A$801),"") | S23: =IF(INDEX(Kalkulasi!$BI$772:$BI$789,Kalkulasi!$A$801)>0,INDEX(Kalkulasi!$BF$772:$BF$789,Kalkulasi!$A$801),"") | T23: =IF(INDEX(Kalkulasi!$BI$772:$BI$789,Kalkulasi!$A$801)>0,INDEX(Kalkulasi!$BG$772:$BG$789,Kalkulasi!$A$801),"") | U23: =IF(OR(NOT(INDEX(Kalkulasi!$BI$772:$BI$789,Kalkulasi!$A$801)>0),INDEX(Kalkulasi!$BH$772:$BH$789,Kalkulasi!$A$801)=""),"",IF(INDEX(Kalkulasi!$BH$772:$BH$789,Kalkulasi!$A$801)=0,"Pas",IF(INDEX(Kalkulasi!$BH$772:$BH$789,Kalkulasi!$A$801)>0,"+"&INDEX(Kalkulasi!$BH$772:$BH$789,Kalkulasi!$A$801)&" DT",INDEX(Kalkulasi!$BH$772:$BH$789,Kalkulasi!$A$801)&" DT")))
D24: =IF(INDEX(Kalkulasi!$BI$772:$BI$789,Kalkulasi!$A$802)>0,INDEX(Kalkulasi!$A$772:$A$789,Kalkulasi!$A$802)&" "&INDEX(Kalkulasi!$B$772:$B$789,Kalkulasi!$A$802),"") | F24: =IF(INDEX(Kalkulasi!$D$772:$D$789,Kalkulasi!$A$802)=0,"",INDEX(Kalkulasi!$Q$772:$Q$789,Kalkulasi!$A$802)) | G24: =IF(INDEX(Kalkulasi!$E$772:$E$789,Kalkulasi!$A$802)=0,"",INDEX(Kalkulasi!$R$772:$R$789,Kalkulasi!$A$802)) | H24: =IF(INDEX(Kalkulasi!$F$772:$F$789,Kalkulasi!$A$802)=0,"",INDEX(Kalkulasi!$S$772:$S$789,Kalkulasi!$A$802)) | I24: =IF(INDEX(Kalkulasi!$G$772:$G$789,Kalkulasi!$A$802)=0,"",INDEX(Kalkulasi!$T$772:$T$789,Kalkulasi!$A$802)) | J24: =IF(INDEX(Kalkulasi!$H$772:$H$789,Kalkulasi!$A$802)=0,"",INDEX(Kalkulasi!$U$772:$U$789,Kalkulasi!$A$802)) | K24: =IF(INDEX(Kalkulasi!$I$772:$I$789,Kalkulasi!$A$802)=0,"",INDEX(Kalkulasi!$V$772:$V$789,Kalkulasi!$A$802)) | L24: =IF(INDEX(Kalkulasi!$J$772:$J$789,Kalkulasi!$A$802)=0,"",INDEX(Kalkulasi!$W$772:$W$789,Kalkulasi!$A$802)) | M24: =IF(INDEX(Kalkulasi!$K$772:$K$789,Kalkulasi!$A$802)=0,"",INDEX(Kalkulasi!$X$772:$X$789,Kalkulasi!$A$802)) | N24: =IF(INDEX(Kalkulasi!$L$772:$L$789,Kalkulasi!$A$802)=0,"",INDEX(Kalkulasi!$Y$772:$Y$789,Kalkulasi!$A$802)) | O24: =IF(INDEX(Kalkulasi!$M$772:$M$789,Kalkulasi!$A$802)=0,"",INDEX(Kalkulasi!$Z$772:$Z$789,Kalkulasi!$A$802)) | P24: =IF(INDEX(Kalkulasi!$N$772:$N$789,Kalkulasi!$A$802)=0,"",INDEX(Kalkulasi!$AA$772:$AA$789,Kalkulasi!$A$802)) | Q24: =IF(INDEX(Kalkulasi!$O$772:$O$789,Kalkulasi!$A$802)=0,"",INDEX(Kalkulasi!$AB$772:$AB$789,Kalkulasi!$A$802)) | R24: =IF(INDEX(Kalkulasi!$BI$772:$BI$789,Kalkulasi!$A$802)>0,INDEX(Kalkulasi!$BE$772:$BE$789,Kalkulasi!$A$802),"") | S24: =IF(INDEX(Kalkulasi!$BI$772:$BI$789,Kalkulasi!$A$802)>0,INDEX(Kalkulasi!$BF$772:$BF$789,Kalkulasi!$A$802),"") | T24: =IF(INDEX(Kalkulasi!$BI$772:$BI$789,Kalkulasi!$A$802)>0,INDEX(Kalkulasi!$BG$772:$BG$789,Kalkulasi!$A$802),"") | U24: =IF(OR(NOT(INDEX(Kalkulasi!$BI$772:$BI$789,Kalkulasi!$A$802)>0),INDEX(Kalkulasi!$BH$772:$BH$789,Kalkulasi!$A$802)=""),"",IF(INDEX(Kalkulasi!$BH$772:$BH$789,Kalkulasi!$A$802)=0,"Pas",IF(INDEX(Kalkulasi!$BH$772:$BH$789,Kalkulasi!$A$802)>0,"+"&INDEX(Kalkulasi!$BH$772:$BH$789,Kalkulasi!$A$802)&" DT",INDEX(Kalkulasi!$BH$772:$BH$789,Kalkulasi!$A$802)&" DT")))
B25: LAINNYA | D25: =IF(INDEX(Kalkulasi!$BI$772:$BI$789,Kalkulasi!$A$803)>0,INDEX(Kalkulasi!$A$772:$A$789,Kalkulasi!$A$803)&" "&INDEX(Kalkulasi!$B$772:$B$789,Kalkulasi!$A$803),"") | F25: =IF(INDEX(Kalkulasi!$D$772:$D$789,Kalkulasi!$A$803)=0,"",INDEX(Kalkulasi!$Q$772:$Q$789,Kalkulasi!$A$803)) | G25: =IF(INDEX(Kalkulasi!$E$772:$E$789,Kalkulasi!$A$803)=0,"",INDEX(Kalkulasi!$R$772:$R$789,Kalkulasi!$A$803)) | H25: =IF(INDEX(Kalkulasi!$F$772:$F$789,Kalkulasi!$A$803)=0,"",INDEX(Kalkulasi!$S$772:$S$789,Kalkulasi!$A$803)) | I25: =IF(INDEX(Kalkulasi!$G$772:$G$789,Kalkulasi!$A$803)=0,"",INDEX(Kalkulasi!$T$772:$T$789,Kalkulasi!$A$803)) | J25: =IF(INDEX(Kalkulasi!$H$772:$H$789,Kalkulasi!$A$803)=0,"",INDEX(Kalkulasi!$U$772:$U$789,Kalkulasi!$A$803)) | K25: =IF(INDEX(Kalkulasi!$I$772:$I$789,Kalkulasi!$A$803)=0,"",INDEX(Kalkulasi!$V$772:$V$789,Kalkulasi!$A$803)) | L25: =IF(INDEX(Kalkulasi!$J$772:$J$789,Kalkulasi!$A$803)=0,"",INDEX(Kalkulasi!$W$772:$W$789,Kalkulasi!$A$803)) | M25: =IF(INDEX(Kalkulasi!$K$772:$K$789,Kalkulasi!$A$803)=0,"",INDEX(Kalkulasi!$X$772:$X$789,Kalkulasi!$A$803)) | N25: =IF(INDEX(Kalkulasi!$L$772:$L$789,Kalkulasi!$A$803)=0,"",INDEX(Kalkulasi!$Y$772:$Y$789,Kalkulasi!$A$803)) | O25: =IF(INDEX(Kalkulasi!$M$772:$M$789,Kalkulasi!$A$803)=0,"",INDEX(Kalkulasi!$Z$772:$Z$789,Kalkulasi!$A$803)) | P25: =IF(INDEX(Kalkulasi!$N$772:$N$789,Kalkulasi!$A$803)=0,"",INDEX(Kalkulasi!$AA$772:$AA$789,Kalkulasi!$A$803)) | Q25: =IF(INDEX(Kalkulasi!$O$772:$O$789,Kalkulasi!$A$803)=0,"",INDEX(Kalkulasi!$AB$772:$AB$789,Kalkulasi!$A$803)) | R25: =IF(INDEX(Kalkulasi!$BI$772:$BI$789,Kalkulasi!$A$803)>0,INDEX(Kalkulasi!$BE$772:$BE$789,Kalkulasi!$A$803),"") | S25: =IF(INDEX(Kalkulasi!$BI$772:$BI$789,Kalkulasi!$A$803)>0,INDEX(Kalkulasi!$BF$772:$BF$789,Kalkulasi!$A$803),"") | T25: =IF(INDEX(Kalkulasi!$BI$772:$BI$789,Kalkulasi!$A$803)>0,INDEX(Kalkulasi!$BG$772:$BG$789,Kalkulasi!$A$803),"") | U25: =IF(OR(NOT(INDEX(Kalkulasi!$BI$772:$BI$789,Kalkulasi!$A$803)>0),INDEX(Kalkulasi!$BH$772:$BH$789,Kalkulasi!$A$803)=""),"",IF(INDEX(Kalkulasi!$BH$772:$BH$789,Kalkulasi!$A$803)=0,"Pas",IF(INDEX(Kalkulasi!$BH$772:$BH$789,Kalkulasi!$A$803)>0,"+"&INDEX(Kalkulasi!$BH$772:$BH$789,Kalkulasi!$A$803)&" DT",INDEX(Kalkulasi!$BH$772:$BH$789,Kalkulasi!$A$803)&" DT")))
B26: =HYPERLINK("#Panduan!A1"," Panduan") | D26: =IF(INDEX(Kalkulasi!$BI$772:$BI$789,Kalkulasi!$A$804)>0,INDEX(Kalkulasi!$A$772:$A$789,Kalkulasi!$A$804)&" "&INDEX(Kalkulasi!$B$772:$B$789,Kalkulasi!$A$804),"") | F26: =IF(INDEX(Kalkulasi!$D$772:$D$789,Kalkulasi!$A$804)=0,"",INDEX(Kalkulasi!$Q$772:$Q$789,Kalkulasi!$A$804)) | G26: =IF(INDEX(Kalkulasi!$E$772:$E$789,Kalkulasi!$A$804)=0,"",INDEX(Kalkulasi!$R$772:$R$789,Kalkulasi!$A$804)) | H26: =IF(INDEX(Kalkulasi!$F$772:$F$789,Kalkulasi!$A$804)=0,"",INDEX(Kalkulasi!$S$772:$S$789,Kalkulasi!$A$804)) | I26: =IF(INDEX(Kalkulasi!$G$772:$G$789,Kalkulasi!$A$804)=0,"",INDEX(Kalkulasi!$T$772:$T$789,Kalkulasi!$A$804)) | J26: =IF(INDEX(Kalkulasi!$H$772:$H$789,Kalkulasi!$A$804)=0,"",INDEX(Kalkulasi!$U$772:$U$789,Kalkulasi!$A$804)) | K26: =IF(INDEX(Kalkulasi!$I$772:$I$789,Kalkulasi!$A$804)=0,"",INDEX(Kalkulasi!$V$772:$V$789,Kalkulasi!$A$804)) | L26: =IF(INDEX(Kalkulasi!$J$772:$J$789,Kalkulasi!$A$804)=0,"",INDEX(Kalkulasi!$W$772:$W$789,Kalkulasi!$A$804)) | M26: =IF(INDEX(Kalkulasi!$K$772:$K$789,Kalkulasi!$A$804)=0,"",INDEX(Kalkulasi!$X$772:$X$789,Kalkulasi!$A$804)) | N26: =IF(INDEX(Kalkulasi!$L$772:$L$789,Kalkulasi!$A$804)=0,"",INDEX(Kalkulasi!$Y$772:$Y$789,Kalkulasi!$A$804)) | O26: =IF(INDEX(Kalkulasi!$M$772:$M$789,Kalkulasi!$A$804)=0,"",INDEX(Kalkulasi!$Z$772:$Z$789,Kalkulasi!$A$804)) | P26: =IF(INDEX(Kalkulasi!$N$772:$N$789,Kalkulasi!$A$804)=0,"",INDEX(Kalkulasi!$AA$772:$AA$789,Kalkulasi!$A$804)) | Q26: =IF(INDEX(Kalkulasi!$O$772:$O$789,Kalkulasi!$A$804)=0,"",INDEX(Kalkulasi!$AB$772:$AB$789,Kalkulasi!$A$804)) | R26: =IF(INDEX(Kalkulasi!$BI$772:$BI$789,Kalkulasi!$A$804)>0,INDEX(Kalkulasi!$BE$772:$BE$789,Kalkulasi!$A$804),"") | S26: =IF(INDEX(Kalkulasi!$BI$772:$BI$789,Kalkulasi!$A$804)>0,INDEX(Kalkulasi!$BF$772:$BF$789,Kalkulasi!$A$804),"") | T26: =IF(INDEX(Kalkulasi!$BI$772:$BI$789,Kalkulasi!$A$804)>0,INDEX(Kalkulasi!$BG$772:$BG$789,Kalkulasi!$A$804),"") | U26: =IF(OR(NOT(INDEX(Kalkulasi!$BI$772:$BI$789,Kalkulasi!$A$804)>0),INDEX(Kalkulasi!$BH$772:$BH$789,Kalkulasi!$A$804)=""),"",IF(INDEX(Kalkulasi!$BH$772:$BH$789,Kalkulasi!$A$804)=0,"Pas",IF(INDEX(Kalkulasi!$BH$772:$BH$789,Kalkulasi!$A$804)>0,"+"&INDEX(Kalkulasi!$BH$772:$BH$789,Kalkulasi!$A$804)&" DT",INDEX(Kalkulasi!$BH$772:$BH$789,Kalkulasi!$A$804)&" DT")))
B27: =HYPERLINK("#Parameter!A1"," Target & parameter")
B28: =HYPERLINK("#MASTER_JAM!A1"," Faktor, target & MF") | D28: ="DT ideal = DT rata-rata ÷ MF (agar MF = 1). Saran = DT ideal − DT rata-rata, dibulatkan. Rit/DT/jam fleet: "&TEXT(Kalkulasi!$B$867,"0.0")
D30: Menit hilang per jam per kategori | N30: digger × menit · delay SEMUA dikali jumlah digger aktif | O30: Hujan vs PTY fleet | U30: batang = menit hujan+slippery · garis = PTY
B33: Data dummy · Coal Project
B34: Simulasi unit per shift,
B35: Maret 2026. Bukan data
B36: perusahaan mana pun.
B38: Muhammad Rifqi Rizqullah
B39: Mine Operations Control
D49: Delay per digger (menit) | U49: delay unit + delay SEMUA bila digger aktif · urut terbesar
D50: Digger | F50: Rain | G50: Slippery | H50: Istirahat | I50: P2H | J50: Standby | K50: Breakdown | L50: Lainnya | N50: Total | Q50: Jam hilang
D51: =IF(INDEX(Kalkulasi!$I$842:$I$859,MATCH(LARGE(Kalkulasi!$J$842:$J$859,1),Kalkulasi!$J$842:$J$859,0))>0,INDEX(Kalkulasi!$A$842:$A$859,MATCH(LARGE(Kalkulasi!$J$842:$J$859,1),Kalkulasi!$J$842:$J$859,0)),"") | F51: =IF(INDEX(Kalkulasi!$I$842:$I$859,MATCH(LARGE(Kalkulasi!$J$842:$J$859,1),Kalkulasi!$J$842:$J$859,0))>0,INDEX(Kalkulasi!$B$842:$B$859,MATCH(LARGE(Kalkulasi!$J$842:$J$859,1),Kalkulasi!$J$842:$J$859,0)),"") | G51: =IF(INDEX(Kalkulasi!$I$842:$I$859,MATCH(LARGE(Kalkulasi!$J$842:$J$859,1),Kalkulasi!$J$842:$J$859,0))>0,INDEX(Kalkulasi!$C$842:$C$859,MATCH(LARGE(Kalkulasi!$J$842:$J$859,1),Kalkulasi!$J$842:$J$859,0)),"") | H51: =IF(INDEX(Kalkulasi!$I$842:$I$859,MATCH(LARGE(Kalkulasi!$J$842:$J$859,1),Kalkulasi!$J$842:$J$859,0))>0,INDEX(Kalkulasi!$D$842:$D$859,MATCH(LARGE(Kalkulasi!$J$842:$J$859,1),Kalkulasi!$J$842:$J$859,0)),"") | I51: =IF(INDEX(Kalkulasi!$I$842:$I$859,MATCH(LARGE(Kalkulasi!$J$842:$J$859,1),Kalkulasi!$J$842:$J$859,0))>0,INDEX(Kalkulasi!$E$842:$E$859,MATCH(LARGE(Kalkulasi!$J$842:$J$859,1),Kalkulasi!$J$842:$J$859,0)),"") | J51: =IF(INDEX(Kalkulasi!$I$842:$I$859,MATCH(LARGE(Kalkulasi!$J$842:$J$859,1),Kalkulasi!$J$842:$J$859,0))>0,INDEX(Kalkulasi!$F$842:$F$859,MATCH(LARGE(Kalkulasi!$J$842:$J$859,1),Kalkulasi!$J$842:$J$859,0)),"") | K51: =IF(INDEX(Kalkulasi!$I$842:$I$859,MATCH(LARGE(Kalkulasi!$J$842:$J$859,1),Kalkulasi!$J$842:$J$859,0))>0,INDEX(Kalkulasi!$G$842:$G$859,MATCH(LARGE(Kalkulasi!$J$842:$J$859,1),Kalkulasi!$J$842:$J$859,0)),"") | L51: =IF(INDEX(Kalkulasi!$I$842:$I$859,MATCH(LARGE(Kalkulasi!$J$842:$J$859,1),Kalkulasi!$J$842:$J$859,0))>0,INDEX(Kalkulasi!$H$842:$H$859,MATCH(LARGE(Kalkulasi!$J$842:$J$859,1),Kalkulasi!$J$842:$J$859,0)),"") | N51: =IF(INDEX(Kalkulasi!$I$842:$I$859,MATCH(LARGE(Kalkulasi!$J$842:$J$859,1),Kalkulasi!$J$842:$J$859,0))>0,INDEX(Kalkulasi!$I$842:$I$859,MATCH(LARGE(Kalkulasi!$J$842:$J$859,1),Kalkulasi!$J$842:$J$859,0)),"") | Q51: =IF(INDEX(Kalkulasi!$I$842:$I$859,MATCH(LARGE(Kalkulasi!$J$842:$J$859,1),Kalkulasi!$J$842:$J$859,0))>0,INDEX(Kalkulasi!$I$842:$I$859,MATCH(LARGE(Kalkulasi!$J$842:$J$859,1),Kalkulasi!$J$842:$J$859,0))/60,"")
D52: =IF(INDEX(Kalkulasi!$I$842:$I$859,MATCH(LARGE(Kalkulasi!$J$842:$J$859,2),Kalkulasi!$J$842:$J$859,0))>0,INDEX(Kalkulasi!$A$842:$A$859,MATCH(LARGE(Kalkulasi!$J$842:$J$859,2),Kalkulasi!$J$842:$J$859,0)),"") | F52: =IF(INDEX(Kalkulasi!$I$842:$I$859,MATCH(LARGE(Kalkulasi!$J$842:$J$859,2),Kalkulasi!$J$842:$J$859,0))>0,INDEX(Kalkulasi!$B$842:$B$859,MATCH(LARGE(Kalkulasi!$J$842:$J$859,2),Kalkulasi!$J$842:$J$859,0)),"") | G52: =IF(INDEX(Kalkulasi!$I$842:$I$859,MATCH(LARGE(Kalkulasi!$J$842:$J$859,2),Kalkulasi!$J$842:$J$859,0))>0,INDEX(Kalkulasi!$C$842:$C$859,MATCH(LARGE(Kalkulasi!$J$842:$J$859,2),Kalkulasi!$J$842:$J$859,0)),"") | H52: =IF(INDEX(Kalkulasi!$I$842:$I$859,MATCH(LARGE(Kalkulasi!$J$842:$J$859,2),Kalkulasi!$J$842:$J$859,0))>0,INDEX(Kalkulasi!$D$842:$D$859,MATCH(LARGE(Kalkulasi!$J$842:$J$859,2),Kalkulasi!$J$842:$J$859,0)),"") | I52: =IF(INDEX(Kalkulasi!$I$842:$I$859,MATCH(LARGE(Kalkulasi!$J$842:$J$859,2),Kalkulasi!$J$842:$J$859,0))>0,INDEX(Kalkulasi!$E$842:$E$859,MATCH(LARGE(Kalkulasi!$J$842:$J$859,2),Kalkulasi!$J$842:$J$859,0)),"") | J52: =IF(INDEX(Kalkulasi!$I$842:$I$859,MATCH(LARGE(Kalkulasi!$J$842:$J$859,2),Kalkulasi!$J$842:$J$859,0))>0,INDEX(Kalkulasi!$F$842:$F$859,MATCH(LARGE(Kalkulasi!$J$842:$J$859,2),Kalkulasi!$J$842:$J$859,0)),"") | K52: =IF(INDEX(Kalkulasi!$I$842:$I$859,MATCH(LARGE(Kalkulasi!$J$842:$J$859,2),Kalkulasi!$J$842:$J$859,0))>0,INDEX(Kalkulasi!$G$842:$G$859,MATCH(LARGE(Kalkulasi!$J$842:$J$859,2),Kalkulasi!$J$842:$J$859,0)),"") | L52: =IF(INDEX(Kalkulasi!$I$842:$I$859,MATCH(LARGE(Kalkulasi!$J$842:$J$859,2),Kalkulasi!$J$842:$J$859,0))>0,INDEX(Kalkulasi!$H$842:$H$859,MATCH(LARGE(Kalkulasi!$J$842:$J$859,2),Kalkulasi!$J$842:$J$859,0)),"") | N52: =IF(INDEX(Kalkulasi!$I$842:$I$859,MATCH(LARGE(Kalkulasi!$J$842:$J$859,2),Kalkulasi!$J$842:$J$859,0))>0,INDEX(Kalkulasi!$I$842:$I$859,MATCH(LARGE(Kalkulasi!$J$842:$J$859,2),Kalkulasi!$J$842:$J$859,0)),"") | Q52: =IF(INDEX(Kalkulasi!$I$842:$I$859,MATCH(LARGE(Kalkulasi!$J$842:$J$859,2),Kalkulasi!$J$842:$J$859,0))>0,INDEX(Kalkulasi!$I$842:$I$859,MATCH(LARGE(Kalkulasi!$J$842:$J$859,2),Kalkulasi!$J$842:$J$859,0))/60,"")
D53: =IF(INDEX(Kalkulasi!$I$842:$I$859,MATCH(LARGE(Kalkulasi!$J$842:$J$859,3),Kalkulasi!$J$842:$J$859,0))>0,INDEX(Kalkulasi!$A$842:$A$859,MATCH(LARGE(Kalkulasi!$J$842:$J$859,3),Kalkulasi!$J$842:$J$859,0)),"") | F53: =IF(INDEX(Kalkulasi!$I$842:$I$859,MATCH(LARGE(Kalkulasi!$J$842:$J$859,3),Kalkulasi!$J$842:$J$859,0))>0,INDEX(Kalkulasi!$B$842:$B$859,MATCH(LARGE(Kalkulasi!$J$842:$J$859,3),Kalkulasi!$J$842:$J$859,0)),"") | G53: =IF(INDEX(Kalkulasi!$I$842:$I$859,MATCH(LARGE(Kalkulasi!$J$842:$J$859,3),Kalkulasi!$J$842:$J$859,0))>0,INDEX(Kalkulasi!$C$842:$C$859,MATCH(LARGE(Kalkulasi!$J$842:$J$859,3),Kalkulasi!$J$842:$J$859,0)),"") | H53: =IF(INDEX(Kalkulasi!$I$842:$I$859,MATCH(LARGE(Kalkulasi!$J$842:$J$859,3),Kalkulasi!$J$842:$J$859,0))>0,INDEX(Kalkulasi!$D$842:$D$859,MATCH(LARGE(Kalkulasi!$J$842:$J$859,3),Kalkulasi!$J$842:$J$859,0)),"") | I53: =IF(INDEX(Kalkulasi!$I$842:$I$859,MATCH(LARGE(Kalkulasi!$J$842:$J$859,3),Kalkulasi!$J$842:$J$859,0))>0,INDEX(Kalkulasi!$E$842:$E$859,MATCH(LARGE(Kalkulasi!$J$842:$J$859,3),Kalkulasi!$J$842:$J$859,0)),"") | J53: =IF(INDEX(Kalkulasi!$I$842:$I$859,MATCH(LARGE(Kalkulasi!$J$842:$J$859,3),Kalkulasi!$J$842:$J$859,0))>0,INDEX(Kalkulasi!$F$842:$F$859,MATCH(LARGE(Kalkulasi!$J$842:$J$859,3),Kalkulasi!$J$842:$J$859,0)),"") | K53: =IF(INDEX(Kalkulasi!$I$842:$I$859,MATCH(LARGE(Kalkulasi!$J$842:$J$859,3),Kalkulasi!$J$842:$J$859,0))>0,INDEX(Kalkulasi!$G$842:$G$859,MATCH(LARGE(Kalkulasi!$J$842:$J$859,3),Kalkulasi!$J$842:$J$859,0)),"") | L53: =IF(INDEX(Kalkulasi!$I$842:$I$859,MATCH(LARGE(Kalkulasi!$J$842:$J$859,3),Kalkulasi!$J$842:$J$859,0))>0,INDEX(Kalkulasi!$H$842:$H$859,MATCH(LARGE(Kalkulasi!$J$842:$J$859,3),Kalkulasi!$J$842:$J$859,0)),"") | N53: =IF(INDEX(Kalkulasi!$I$842:$I$859,MATCH(LARGE(Kalkulasi!$J$842:$J$859,3),Kalkulasi!$J$842:$J$859,0))>0,INDEX(Kalkulasi!$I$842:$I$859,MATCH(LARGE(Kalkulasi!$J$842:$J$859,3),Kalkulasi!$J$842:$J$859,0)),"") | Q53: =IF(INDEX(Kalkulasi!$I$842:$I$859,MATCH(LARGE(Kalkulasi!$J$842:$J$859,3),Kalkulasi!$J$842:$J$859,0))>0,INDEX(Kalkulasi!$I$842:$I$859,MATCH(LARGE(Kalkulasi!$J$842:$J$859,3),Kalkulasi!$J$842:$J$859,0))/60,"")
